,,,,,NW,NE,NE,NE,NE,NE,NE,NE,NE,NE,NE,NE,NE,YH,YH,YH,YH,YH,YH,YH,YH,YH,YH,YH,YH,YH,YH,YH,NW,NW,NW,NW,NW,NW,NW,NW,NW,NW,NW,NW,NW,NW,NW,NW,NW,NW,NW,NW,NW,NW,WM,WM,WM,WM,WM,WM,WM,WM,WM,WM,WM,WM,WM,WM,EM,EM,EM,EM,EM,EM,EM,EM,EM,E,E,SE,E,E,SE,SE,SE,SE,SE,SE,SE,SE,E,E,E,E,E,E,E,L,L,L,L,L,L,L,L,L,L,L,L,L,L,L,L,L,L,L,L,L,L,L,L,L,L,L,L,L,L,L,L,L,SE,SE,SE,SW,SW,SW,SE,SE,SE,SE,SE,SW,SW,SE,SE,SW,SW,SW,SW,SW,SW,SW,SW,SW,SW,SW,NW,NE,YH,WM,EM,E,SE,L,SW,Eng
Support type,Age category,Primary support reason,Service delivery mechanism,Provision,102 - Cumbria,104 - Northumberland,106 - Gateshead,107 - Newcastle upon Tyne,108 - North Tyneside,109 - South Tyneside,110 - Sunderland,111 - Hartlepool,112 - Middlesbrough,113 - Redcar and Cleveland,114 - Stockton on Tees,116 - Durham,117 - Darlington,204 - Barnsley,205 - Doncaster,206 - Rotherham,207 - Sheffield,209 - Bradford,210 - Calderdale,211 - Kirklees,212 - Leeds,213 - Wakefield,214 - East Riding of Yorkshire,215 - Kingston upon Hull,216 - North East Lincolnshire,217 - North Lincolnshire,218 - North Yorkshire,219 - York,304 - Bolton,305 - Bury,306 - Manchester,307 - Oldham,308 - Rochdale,309 - Salford,310 - Stockport,311 - Tameside,312 - Trafford,313 - Wigan,315 - Knowsley,316 - Liverpool,317 - Sefton,318 - St Helens,319 - Wirral,321 - Halton,322 - Warrington,323 - Lancashire,324 - Blackburn with Darwen,325 - Blackpool,326 - Cheshire East,327 - Cheshire West and Chester,404 - Warwickshire,406 - Birmingham,407 - Coventry,408 - Dudley,409 - Sandwell,410 - Solihull,411 - Walsall,412 - Wolverhampton,413 - Staffordshire,414 - Stoke on Trent,415 - Herefordshire,416 - Worcestershire,417 - Shropshire,418 - Telford and the Wrekin,503 - Lincolnshire,504 - Northamptonshire,506 - Derbyshire,507 - Derby,508 - Leicestershire,509 - Leicester,510 - Rutland,511 - Nottinghamshire,512 - Nottingham,606 - Hertfordshire,607 - Norfolk,608 - Oxfordshire,609 - Suffolk,611 - Luton,612 - Buckinghamshire,613 - Milton Keynes,614 - Bracknell Forest,615 - West Berkshire,616 - Reading,617 - Slough,618 - Windsor and Maidenhead,619 - Wokingham,620 - Essex,621 - Southend on Sea,622 - Thurrock,623 - Cambridgeshire,624 - Peterborough,625 - Bedford Borough,626 - Central Bedfordshire,702 - Camden,703 - Greenwich,704 - Hackney,705 - Hammersmith and Fulham,706 - Islington,707 - Kensington and Chelsea,708 - Lambeth,709 - Lewisham,710 - Southwark,711 - Tower Hamlets,712 - Wandsworth,713 - Westminster,714 - City of London,716 - Barking and Dagenham,717 - Barnet,718 - Bexley,719 - Brent,720 - Bromley,721 - Croydon,722 - Ealing,723 - Enfield,724 - Haringey,725 - Harrow,726 - Havering,727 - Hillingdon,728 - Hounslow,729 - Kingston upon Thames,730 - Merton,731 - Newham,732 - Redbridge,733 - Richmond upon Thames,734 - Sutton,735 - Waltham Forest,803 - Isle of Wight Council,805 - Surrey,807 - West Sussex,809 - Dorset,810 - Bournemouth,811 - Poole,812 - Hampshire,813 - Portsmouth,814 - Southampton,815 - East Sussex,816 - Brighton and Hove,817 - Wiltshire,819 - Swindon,820 - Kent,821 - Medway,902 - Cornwall,904 - Gloucestershire,905 - Somerset,906 - Isles of Scilly,908 - Bath and North East Somerset,909 - Bristol,910 - North Somerset,911 - South Gloucestershire,912 - Devon,913 - Plymouth,914 - Torbay,North West,North East,Yorkshire and Humber,West Midlands,East Midlands,East,South East,London,South West,ENGLAND
Long term,Age 18 to 64,Physical support,Residential,In house provision,372,0,0,0,0,48.14,0,0,0,0,0,0,0,0,468,0,0,0,0,0,0,0,104,69,0,0,0,27,0,0,0,0,0,0,0,0,0,216.14,0,0,0,0,0,0,0,39.9,0,0,0,0,0,11.29,0,0,0,138.58,0,0,5,0.86,0,0,0,52.14,0,0,74,52.14,52,0,0,0,0,0,0,0,0,0,0,0,0,59,0,0,0,0,150,0,0,0,0,81,0,0,0,0,0,0,0,0,0,0,0,0,0,0,0,0,0,0,0,0,0,2,0,0,0,0,260.29,0,0,0,0,0,0,0,0,61.86,0,138,0,0,93.1,104,0,0,0,0,0,0,0,0,0,104,0,0,0,0,0,30,0,0,628.04,48.14,668,207.86,178.14,231,317.96,262.29,272,2813.43
Long term,Age 18 to 64,Physical support,Residential,External provision,5050.57,1593,1488.5,813,507.43,5901.71,499,213,1264,1080,737.54,2287.47,389,729,962.86,1067,1178,3944,290.16,2059.57,3151,2042,2201.86,3238,1523,710.69,1982,415,451,963,1823,1416,1447.9,1000,1496,201,614,715.29,894.07,5539,2771.86,764,894,256,287.43,5404.3,1287,654.57,365.6,803.41,859.82,4116.43,587,1572.07,417,419.99,625,850,2824.14,5853.14,1340,2009,1346,411.29,3240,3161,2824,1227.42,2926,1459.14,85,2746.43,1211.14,3574,5442,1512,1668,506,3326.42,342.14,104.29,138,567,613.22,531,377,7617.57,586.43,514,1849,634.3,2720,617,1756.15,1036,1422,897.71,1220.86,278,1925.43,1713,2083.42,1299.29,2416,165,0,287,1522.91,886,1056,1284,2344.86,732,1879,811,934,825,1038.43,557.71,500.29,495,1217,880,923.57,330,975,585.43,2669.37,3638.2,7480,1090.14,493,4479,799,1294,3732.04,1375.86,2479,817,9381,2010.29,1938.57,3568,2413.14,0,604,1786.14,909.58,392.59,3938.6,1191.57,263.32,35099,16773.65,25494.14,23230.88,18880.13,25728.3,37475.27,35691.63,29364.65,247737.64
Long term,Age 18 to 64,Physical support,Residential,Total provision,5422.57,1593,1488.5,813,507.43,5949.85,499,213,1264,1080,737.54,2287.47,389,729,1430.86,1067,1178,3944,290.16,2059.57,3151,2042,2305.86,3307,1523,710.69,1982,442,451,963,1823,1416,1447.9,1000,1496,201,614,931.43,894.07,5539,2771.86,764,894,256,287.43,5444.2,1287,654.57,365.6,803.41,859.82,4127.71,587,1572.07,417,558.57,625,850,2829.14,5854,1340,2009,1346,463.43,3240,3161,2898,1279.56,2978,1459.14,85,2746.43,1211.14,3574,5442,1512,1668,506,3326.42,342.14,104.29,197,567,613.22,531,377,7767.57,586.43,514,1849,634.3,2801,617,1756.15,1036,1422,897.71,1220.86,278,1925.43,1713,2083.42,1299.29,2416,165,0,287,1522.91,886,1056,1284,2344.86,732,1881,811,934,825,1038.43,818,500.29,495,1217,880,923.57,330,975,585.43,2731.23,3638.2,7618,1090.14,493,4572.1,903,1294,3732.04,1375.86,2479,817,9381,2010.29,1938.57,3568,2517.14,0,604,1786.14,909.58,392.59,3968.6,1191.57,263.32,35727.04,16821.79,26162.14,23438.74,19058.27,25959.3,37793.23,35953.92,29636.65,250551.08
Long term,Age 18 to 64,Sensory support,Residential,In house provision,0,0,0,0,0,1.14,0,0,0,0,0,0,0,0,0,0,0,0,619,0,0,0,0,2,0,0,0,0,0,0,0,0,0,0,0,0,0,3.21,0,0,0,0,0,0,0,0,0,0,0,0,0,0,0,0,0,0,0,0,0,0,0,0,0,0,0,0,0,0,0,0,0,0,0,0,0,0,0,0,0,0,0,0,0,0,0,0,0,0,0,0,0,0,0,0,0,0,0,0,0,0,0,0,0,0,0,0,0,0,0,0,0,0,0,0,0,0,0,0,0,0,0,0,0,0,0,0,0,0,0,0,0,0,0,0,0,0,0,0,0,0,0,0,0,0,0,0,0,0,0,0,0,0,3.21,1.14,621,0,0,0,0,0,0,625.35
Long term,Age 18 to 64,Sensory support,Residential,External provision,104,0,131.36,52,126.57,110.86,0,0,0,104,13.21,0,0,0,5.57,0,156,0,2,156.43,64,0,0,0,0,77.7,156,52,104,0,17,0,0,104,52,101,70,128.72,0,52,0,104,0,0,154.86,208,0,28.57,114.4,0,164.14,513.57,181,260.7,52,104.28,0,52,143.71,193.43,52,0,104,52.57,0,0,235,222.76,0,52.14,0,156.43,208.72,52,648,104,352,0,208.57,52.14,20,0,0,0,0,104,719.43,0,260,156,52.1,0,104,78.05,189,104,0,0,0,104.29,0,0,52,249,52,0,52,261.8,0,0,96,0,52,52,313,52,52,0,156.43,52,104,52,50,52.14,0,0,0,202.35,428.8,0,0,0,104.4,0,0,163.14,52.14,174,0,313,104,23,0,52,0,52,70,0,52,228.6,52.14,26.57,1342.55,538,669.7,1873.4,875.05,2343.53,1856.54,2225.71,730.31,12454.79
Long term,Age 18 to 64,Sensory support,Residential,Total provision,104,0,131.36,52,126.57,112,0,0,0,104,13.21,0,0,0,5.57,0,156,0,621,156.43,64,0,0,2,0,77.7,156,52,104,0,17,0,0,104,52,101,70,131.93,0,52,0,104,0,0,154.86,208,0,28.57,114.4,0,164.14,513.57,181,260.7,52,104.28,0,52,143.71,193.43,52,0,104,52.57,0,0,235,222.76,0,52.14,0,156.43,208.72,52,648,104,352,0,208.57,52.14,20,0,0,0,0,104,719.43,0,260,156,52.1,0,104,78.05,189,104,0,0,0,104.29,0,0,52,249,52,0,52,261.8,0,0,96,0,52,52,313,52,52,0,156.43,52,104,52,50,52.14,0,0,0,202.35,428.8,0,0,0,104.4,0,0,163.14,52.14,174,0,313,104,23,0,52,0,52,70,0,52,228.6,52.14,26.57,1345.76,539.14,1290.7,1873.4,875.05,2343.53,1856.54,2225.71,730.31,13080.14
Long term,Age 18 to 64,Support with memory and cognition,Residential,In house provision,16.43,0,0,0,0,6.71,0,0,0,0,0,0,0,0,104,0,0,0,0,0,0,0,0,0,0,0,0,1,0,0,0,0,0,0,6,0,0,6.93,0,0,0,0,0,0,0,25.4,0,0,0,0,0,0,0,0,0,0,0,0,52.14,51.86,0,0,0,0,0,0,82,0,0,0,0,14,52.29,0,0,0,0,0,0,0,0,0,0,0,0,0,0,0,0,0,0,0,0,0,0,0,0,0,0,0,0,0,0,0,0,0,0,0,0,0,0,0,0,0,0,0,0,0,0,0,0,0,0,0,0,0,0,0,0,0,0,0,0,0,0,0,358.71,0,0,0,0,0,0,0,0,0,0,0,0,0,0,0,54.76,6.71,105,104,148.29,0,358.71,0,0,777.47
Long term,Age 18 to 64,Support with memory and cognition,Residential,External provision,141.43,575,70.29,232,48.07,976.43,0,52,25,230,182.13,434.54,239,30,153,0,0,0,142,52.14,0,63,181,311,0,0,304,119,156,208,149,52,371.43,294,348,71,104,82,96.07,167,284,168,172,214,100,817.1,143,267.14,370.4,156.42,773.54,544.43,30,15,281,221.28,89,271,222.29,3309.43,308,0,0,56.14,130,961,264,0,189,174,52,642.57,566.43,529,552,64,441,205,81.14,52.14,0,4,135,0,0,41,834.57,104.29,134,41,20.7,0,52,117.08,142,0,0,76.29,52,156.43,188,0,72.86,104,52,0,0,134.17,101,86.14,63,62,52,52,0,0,52,22.06,0,26.43,52,65,42,104.29,0,0,178.43,120.16,663.6,0,40,15,534.4,5,0,322.74,239.71,161,89.57,1619,45,17.71,1044,52,0,170,0,269.57,0,556.7,106,29.43,4931.99,3064.46,1355.14,6121.11,2979,2913.56,4105.33,1874.74,2550.98,29896.32
Long term,Age 18 to 64,Support with memory and cognition,Residential,Total provision,157.86,575,70.29,232,48.07,983.14,0,52,25,230,182.13,434.54,239,30,257,0,0,0,142,52.14,0,63,181,311,0,0,304,120,156,208,149,52,371.43,294,354,71,104,88.93,96.07,167,284,168,172,214,100,842.5,143,267.14,370.4,156.42,773.54,544.43,30,15,281,221.28,89,271,274.43,3361.29,308,0,0,56.14,130,961,346,0,189,174,52,656.57,618.72,529,552,64,441,205,81.14,52.14,0,4,135,0,0,41,834.57,104.29,134,41,20.7,0,52,117.08,142,0,0,76.29,52,156.43,188,0,72.86,104,52,0,0,134.17,101,86.14,63,62,52,52,0,0,52,22.06,0,26.43,52,65,42,104.29,0,0,178.43,120.16,663.6,0,40,15,534.4,5,0,322.74,598.42,161,89.57,1619,45,17.71,1044,52,0,170,0,269.57,0,556.7,106,29.43,4986.75,3071.17,1460.14,6225.11,3127.29,2913.56,4464.04,1874.74,2550.98,30673.79
Long term,Age 18 to 64,Learning disability support,Residential,In house provision,1123,471,37.43,0,0,28.86,0,0,338,816,219.56,375.68,0,0,487.42,818,0,0,0,0,0,0,851.71,1242,0,0,0,138,0,0,936,0,0,0,0,0,0,370.14,0,0,0,0,99,0,0,0,0,0,0,0,0,0,586,0,0,1148.1,0,782,1773.71,79.14,0,410,469,956.82,0,0,939,48.57,672,0,572,312,587.29,0,0,0,0,0,0,0,0,0,257,1629.43,612,0,1958,0,0,301,0,495,482,0,1739,0,139.43,727.86,0,0,0,0,0,0,0,0,364,0,0,0,399,0,402,0,260,1070,0,1490.1,0,156,728,0,0,938.57,0,416,1569.14,4480.99,2606.1,48,987.86,0,970.8,0,0,596.68,1383.43,0,0,0,0,0,0,3577,0,0,189,0,0,7.6,0,365.75,2528.14,2286.53,3537.13,6204.77,3130.86,3236,14105.57,8829.96,5175.21,49034.17
Long term,Age 18 to 64,Learning disability support,Residential,External provision,5545.14,9521,6054.64,3742,2113.07,2314.71,6908,1737,5161,3816,5832.69,10677,2233,3983,5001.14,5867,9865,9866,3150,9802.57,17329,9620,17564.43,7279,2505,3723,11634,3022,1430,4405,6036,164,3356.43,1378,3625,477,2776,1099.28,2135.43,6301,4922.71,1410,7524,1472,2114.71,12618,972,1942.43,4825,5056.21,8710.23,37070.29,6598,7529.8,5857,5999.23,4190,5336,23056.57,522.86,8421,15185,6734,4885.57,17965,18266,14718,6272,18564,9324.14,1136,23372.57,11284.71,36597,30300,12670,15452,4249,11995.87,4705.43,1525,3993,5530,5313.36,5407,5318,41724.43,3811.37,5532,13092,4937,4033,7085,4367.31,6698,8183,5946.28,5422.43,3064,10363.14,7683,5784.14,5913.29,9939,4417,156,1869,11581,7514,8835,5705,15993,9121,6995,7982,5120,6756,9130.52,5900.43,4359.43,4995,5113,3856,5570.29,7780,6868,6210.86,47146.71,20594.9,4179,4173.71,2273,38824.3,4156,7254,21435.51,7050.57,15194,8781.28,54457,9264.14,17094.29,18753,11674.71,52,5568,15167.86,5776.14,9760.69,19955.1,6981.57,4308.9,81585.34,60110.11,120211.14,140095.55,120902.42,166812.8,272851.65,218980.26,149693.25,1331242.53
Long term,Age 18 to 64,Learning disability support,Residential,Total provision,6668.14,9992,6092.07,3742,2113.07,2343.57,6908,1737,5499,4632,6052.25,11052.68,2233,3983,5488.56,6685,9865,9866,3150,9802.57,17329,9620,18416.14,8521,2505,3723,11634,3160,1430,4405,6972,164,3356.43,1378,3625,477,2776,1469.42,2135.43,6301,4922.71,1410,7623,1472,2114.71,12618,972,1942.43,4825,5056.21,8710.23,37070.29,7184,7529.8,5857,7147.33,4190,6118,24830.28,602,8421,15595,7203,5842.39,17965,18266,15657,6320.57,19236,9324.14,1708,23684.57,11872,36597,30300,12670,15452,4249,11995.87,4705.43,1525,3993,5787,6942.8,6019,5318,43682.43,3811.37,5532,13393,4937,4528,7567,4367.31,8437,8183,6085.71,6150.29,3064,10363.14,7683,5784.14,5913.29,9939,4417,156,2233,11581,7514,8835,6104,15993,9523,6995,8242,6190,6756,10620.62,5900.43,4515.43,5723,5113,3856,6508.86,7780,7284,7780,51627.7,23201,4227,5161.57,2273,39795.1,4156,7254,22032.19,8434,15194,8781.28,54457,9264.14,17094.29,18753,15251.71,52,5568,15356.86,5776.14,9760.69,19962.7,6981.57,4674.65,84113.48,62396.64,123748.27,146300.32,124033.28,170048.8,286957.23,227810.22,154868.46,1380276.7
Long term,Age 18 to 64,Mental health support,Residential,In house provision,105.14,0,0,0,0,7.14,0,0,0,0,0,0,0,0,0,0,0,0,0,0,0,0,0,0,0,0,0,18,0,0,0,0,0,0,0,0,0,25.43,0,0,0,0,0,0,0,0,0,0,0,0,0,0,0,0,0,0,0,52,52.14,0,0,0,0,0,0,0,20,26.71,0,37.86,0,0,0,0,0,0,0,0,0,0,0,0,312,0,0,0,0,0,0,0,0,0,0,0,0,0,0,0,0,0,0,0,0,0,0,0,0,0,0,0,0,0,0,0,0,987,0,0,0,52,0,0,0,0,0,0,0,0,0,0,0,0,0,0,0,0,0,0,0,0,0,0,0,0,0,0,0,0,0,0,0,0,130.57,7.14,18,104.14,84.57,0,312,1039,0,1695.42
Long term,Age 18 to 64,Mental health support,Residential,External provision,2225.71,2347,1338.93,1615,1140.07,944.14,658,856,2452,1510,794.48,2705,727,1408,1203.43,1841,4969,6444,199,1943.29,4412,2130,3918.43,4851,671,1517.33,2706,1433,1201,3000,5641,1292,1981.1,2541,124,210,1470,1285,648.21,4588,1149.86,1280,4638,939.29,544,10150.6,1857,3806,1212.6,2002.19,1966.94,11447.29,1721,1815.2,3042,1450.1,1402,1514,2833.43,1929.29,2040,2484,1452,1286.71,3715,223,5176,2089.51,2992,7041.86,66,3763.86,5396.86,6413,14368,582,2038,1725,964.29,306.86,283,339,867,2502.17,766,194,7350.86,1879.61,1232,2946,1183.71,1425,781,1768.15,3807,3435,3927,2053,1391,136.43,2518,2102,4420.14,4202,3599,208,1017,3691.59,531,1401,2414,931,2542,1034,6106,1568,855,1864.71,1125.57,952,663,2617,3090,1404.71,595,2049,2655.71,1633.33,7650.8,53,818.43,613,5394.6,3855,2153.29,3850.3,3457,5469,1683.86,8668,1747.86,3566,1568,3345.71,0,1190,4714.31,1999.43,764.29,5512.7,2335.71,2307.51,53786.56,17087.62,39646.47,36383.96,30464.09,41342.18,47870.21,70018.3,35940.95,372540.34
Long term,Age 18 to 64,Mental health support,Residential,Total provision,2330.85,2347,1338.93,1615,1140.07,951.28,658,856,2452,1510,794.48,2705,727,1408,1203.43,1841,4969,6444,199,1943.29,4412,2130,3918.43,4851,671,1517.33,2706,1451,1201,3000,5641,1292,1981.1,2541,124,210,1470,1310.43,648.21,4588,1149.86,1280,4638,939.29,544,10150.6,1857,3806,1212.6,2002.19,1966.94,11447.29,1721,1815.2,3042,1450.1,1402,1566,2885.57,1929.29,2040,2484,1452,1286.71,3715,223,5196,2116.22,2992,7079.72,66,3763.86,5396.86,6413,14368,582,2038,1725,964.29,306.86,283,339,1179,2502.17,766,194,7350.86,1879.61,1232,2946,1183.71,1425,781,1768.15,3807,3435,3927,2053,1391,136.43,2518,2102,4420.14,4202,3599,208,1017,3691.59,531,1401,2414,931,2542,1034,6106,2555,855,1864.71,1125.57,1004,663,2617,3090,1404.71,595,2049,2655.71,1633.33,7650.8,53,818.43,613,5394.6,3855,2153.29,3850.3,3457,5469,1683.86,8668,1747.86,3566,1568,3345.71,0,1190,4714.31,1999.43,764.29,5512.7,2335.71,2307.51,53917.13,17094.76,39664.47,36488.1,30548.66,41342.18,48182.21,71057.3,35940.95,374235.76
Long term,Age 65 and over,Physical support,Residential,In house provision,29366.71,0,82.21,0,0,191.43,0,0,0,0,0,423.47,0,0,2427.14,1482,0,1823,607,1040.14,6888,0,2043.14,97,0,0,8574,9046,88,0,0,0,0,0,0,0,0,209.04,0,0,0,156,0,0,734,14059.3,788,0,0,0,0,6346,1211,1636.07,0,0,0,677,2585.57,414.71,0,90,0,0,0,0,24199,6512.86,437,1611.43,0,3774.43,1990.72,0,0,0,0,0,0,0,736.14,2424,0,0,0,0,0,779.7,577,0,0,4863,4806,2468,0,0,0,0,1088,0,0,0,0,0,1581,0,0,0,0,0,0,0,0,3669,0,0,0,0,3913.14,274.7,0,0,0,0,0,936,0,4792.91,165.7,12307,52.14,0,3555.8,78,0,0,0,0,0,2183,0,0,0,115.86,371,0,86,0,1272.6,5971.1,104,0,45401.05,697.11,34027.43,12960.35,38525.44,11025.7,13935.55,13929.84,20279.7,190782.17
Long term,Age 65 and over,Physical support,Residential,External provision,41363.57,18978,13112.36,15128,9173.21,14847.86,32128,11214,16063,17185,20524.07,59772.57,11845,27720,20564.14,27358,27788,43470,14572,32101.86,39413,37635,59244.14,33270,26741,20054.73,34682,5909,15876,18468,41644,22057,13471.86,21027,22811,15419,13037,19883.57,13294.64,52496,32700,11420,17947,12897.3,10924.43,118073.4,14880,17192,14745,15383.96,14106.54,67481.86,20843,27485.35,9391,8598.95,16826,10311,50379.57,20448,11747,41540,29040,9808.71,83932,25689,50763,11182.78,42857,12384.43,2458,52156.71,18686.14,52798,94548,34336,44183,9565,25758.26,7031.57,1277.43,1713,4741,4180.17,6357,5892,134060,25353.99,8162,29726,4715.5,8675,13876,6424,6890,7400,5415.86,9990.86,4906,7189.86,11206,13690,11815.14,7041,5225,142,7666,21065.54,10317,14117,6379,15069.14,11897,22026,11071,9221,11586,4264.81,3100.57,3255.7,7500,6321,16586,4934.86,3692,325,10015.57,36513.1,44031.3,43610,15454.29,10620,14718.7,3204,8574.86,37677.04,14963.43,25010,9958.01,94736,10931.86,48060.86,17674,47663.71,52,6688,12031,12078,8537.25,60641.9,16719,12831.32,577011.73,239971.07,450522.87,338006.98,300109.06,425662.49,366652.28,287730.34,347629.33,3333296.15
Long term,Age 65 and over,Physical support,Residential,Total provision,70730.28,18978,13194.57,15128,9173.21,15039.29,32128,11214,16063,17185,20524.07,60196.04,11845,27720,22991.29,28840,27788,45293,15179,33142,46301,37635,61287.28,33367,26741,20054.73,43256,14955,15964,18468,41644,22057,13471.86,21027,22811,15419,13037,20092.61,13294.64,52496,32700,11576,17947,12897.3,11658.43,132132.7,15668,17192,14745,15383.96,14106.54,73827.86,22054,29121.42,9391,8598.95,16826,10988,52965.14,20862.71,11747,41630,29040,9808.71,83932,25689,74962,17695.64,43294,13995.86,2458,55931.14,20676.86,52798,94548,34336,44183,9565,25758.26,7031.57,2013.57,4137,4741,4180.17,6357,5892,134060,26133.69,8739,29726,4715.5,13538,18682,8892,6890,7400,5415.86,9990.86,5994,7189.86,11206,13690,11815.14,7041,6806,142,7666,21065.54,10317,14117,6379,15069.14,11897,25695,11071,9221,11586,4264.81,7013.71,3530.4,7500,6321,16586,4934.86,3692,1261,10015.57,41306.02,44197,55917,15506.43,10620,18274.5,3282,8574.86,37677.04,14963.43,25010,9958.01,96919,10931.86,48060.86,17674,47779.57,423,6688,12117,12078,9809.85,66613,16823,12831.32,622412.78,240668.18,484550.3,350967.33,338634.5,436688.19,380587.84,301660.18,367909.03,3524078.32
Long term,Age 65 and over,Sensory support,Residential,In house provision,249,0,0,0,0,2.86,0,0,0,0,0,0,0,0,104,0,0,0,0,0,377,0,0,0,0,0,198,350,0,0,0,0,0,0,0,0,0,0,0,0,0,0,0,0,25.86,496.7,0,0,0,0,0,71.57,56,52.14,0,0,0,52,62.29,0,0,0,0,0,0,0,2310,248.43,0,12,0,135.29,52.14,0,0,0,0,0,0,0,0,0,0,0,0,0,0,0,2,0,0,3,74,112,0,0,0,0,0,0,0,0,0,0,79,0,0,0,0,0,0,0,0,0,0,0,0,0,52.14,52,0,0,0,0,0,0,0,67.86,52.3,0,0,0,229.7,0,0,0,0,0,0,0,0,0,0,0,0,0,0,0,40.29,221.9,0,0,771.56,2.86,1029,294,2757.86,79,349.86,295.14,262.19,5841.47
Long term,Age 65 and over,Sensory support,Residential,External provision,206.43,0,1509,472,226.79,199.86,699,25,78,12,10.99,0,294,281,2189.86,0,2052,3731,52,1295,1299,364,0,240,0,704.71,742,435,426,404,1632,1188,459.71,183,770,943,1187,612.14,260.71,1232,1009,424,1317,1609.1,344,6080.3,0,699,1364.1,376.26,1313.52,924.29,1612,1035.25,0,372.61,109,253,1394.14,453.86,201,99,442,594.86,387,192,4279,1031.3,330,809.14,55,2597.71,1007.86,1009,4529,218,1956,52,260.71,59.14,52.14,0,0,0,0,252,2057.43,622.14,52,1544,488.1,242,608,759,174,0,0,52.14,52,26,0,0,358.14,320,206,0,105,412.39,0,330.14,0,366.86,270,198,489,381,589,38.1,0,105.7,431,449,287,61.57,234,0,268.86,1549.62,3725.5,57,2.57,171,823.1,95,0,407.25,91.86,771,182.14,1985,386.71,2731.71,0,712.57,0,109,1033,98.43,61.86,1319.3,1646.43,623.63,22726.75,3526.64,13385.57,8804.53,10689.01,13159.67,10174.89,6695.04,9519.65,98681.74
Long term,Age 65 and over,Sensory support,Residential,Total provision,455.43,0,1509,472,226.79,202.72,699,25,78,12,10.99,0,294,281,2293.86,0,2052,3731,52,1295,1676,364,0,240,0,704.71,940,785,426,404,1632,1188,459.71,183,770,943,1187,612.14,260.71,1232,1009,424,1317,1609.1,369.86,6577,0,699,1364.1,376.26,1313.52,995.86,1668,1087.39,0,372.61,109,305,1456.43,453.86,201,99,442,594.86,387,192,6589,1279.73,330,821.14,55,2733,1060,1009,4529,218,1956,52,260.71,59.14,52.14,0,0,0,0,252,2057.43,622.14,54,1544,488.1,245,682,871,174,0,0,52.14,52,26,0,0,358.14,320,285,0,105,412.39,0,330.14,0,366.86,270,198,489,381,589,38.1,52.14,157.7,431,449,287,61.57,234,0,268.86,1617.48,3777.8,57,2.57,171,1052.8,95,0,407.25,91.86,771,182.14,1985,386.71,2731.71,0,712.57,0,109,1033,98.43,102.15,1541.2,1646.43,623.63,23498.31,3529.5,14414.57,9098.53,13446.87,13238.67,10524.75,6990.18,9781.84,104523.21
Long term,Age 65 and over,Support with memory and cognition,Residential,In house provision,5461.43,27,0,0,0,29,0,0,0,0,0,0,0,0,3692.14,2340,0,1317,206.19,1475.86,2464,1629,1429.57,303,0,0,1345,152,290,0,0,0,0,0,0,0,0,314.7,0,0,0,247,0,0,115.71,3524,0,0,0,0,0,990.86,126,104.28,754,0,0,218,1600.57,93.86,0,0,0,0,0,0,3319,0,48,1375.14,0,2054.57,2062.29,0,0,0,0,0,0,0,529.28,2632,828,0,0,0,0,1185.2,0,0,0,745,612,140,0,0,0,0,0,0,0,0,0,0,520,0,1536,0,0,0,0,0,0,551,0,0,0,0,1029.86,43.29,0,0,0,0,0,3744,0,1920.07,555.4,569,0,0,12590.7,5937,3663.14,0,1854.43,0,0,758,0,0,0,0,0,0,1838.57,0,1081.72,2952.1,0,0,9952.84,56,16353.76,3887.57,8859,2542.2,31268.02,7564.15,6441.39,86924.92
Long term,Age 65 and over,Support with memory and cognition,Residential,External provision,7577.14,23756,11653.71,11591,4400.29,2163,1857,7569,7345,9643,7570.79,39620.98,8938,5598,24690.14,15391,7922,20358,7583,10481.43,22165,503,23379.71,16240,507,1597.11,6218,342,7782,1459,3848,4880,12437.14,3408,7755,6814,2665,7400.86,7410.57,10626,7000,5401,12676,5954.29,1692.29,21538.3,7118,11258,8106.6,8297.29,27839.05,10569.86,1304,2790.47,17169,3762.32,1825,18984,16604.14,12321.29,4858,701,975,3269.43,2807,39704,13959,64.59,4674,7597.29,2150,35728.86,8717.86,34320,31471,3011,29155,3835,2534.28,8188.14,2820.43,3249,4024,6213.22,194,1164,45321,2074.14,3946,5803,7254.3,1820,5023,304,5942,1057,0,849.57,1567,2440.71,657,0,2434.86,1947,1170,114,1353,4188.7,7955,1281,6061,1536,3699,593,7357,1155,7303,7198.14,332,1016.86,2309,2638,4546,6254.14,1254,7852,16359.43,13547.72,30731.2,3693,13335.29,4471,64754.3,5926,4385.86,4803.43,10880.14,7031,5970.71,41158,6772.43,2431.43,33741,834.71,0,3800,13684.93,7206,2952.44,26823.9,11969.86,9949.81,173104.48,136107.77,162975.39,122972.56,115402.6,170022.44,230716.58,94364.98,147895.07,1353561.88
Long term,Age 65 and over,Support with memory and cognition,Residential,Total provision,13038.57,23783,11653.71,11591,4400.29,2192,1857,7569,7345,9643,7570.79,39620.98,8938,5598,28382.29,17731,7922,21675,7789.19,11957.29,24629,2132,24809.28,16543,507,1597.11,7563,494,8072,1459,3848,4880,12437.14,3408,7755,6814,2665,7715.56,7410.57,10626,7000,5648,12676,5954.29,1808,25062.3,7118,11258,8106.6,8297.29,27839.05,11560.71,1430,2894.75,17923,3762.32,1825,19202,18204.71,12415.15,4858,701,975,3269.43,2807,39704,17278,64.59,4722,8972.43,2150,37783.43,10780.15,34320,31471,3011,29155,3835,2534.28,8188.14,3349.71,5881,4852,6213.22,194,1164,45321,3259.34,3946,5803,7254.3,2565,5635,444,5942,1057,0,849.57,1567,2440.71,657,0,2434.86,1947,1690,114,2889,4188.7,7955,1281,6061,1536,3699,1144,7357,1155,7303,7198.14,1361.86,1060.14,2309,2638,4546,6254.14,1254,11596,16359.43,15467.78,31286.6,4262,13335.29,4471,77345,11863,8049,4803.43,12734.57,7031,5970.71,41916,6772.43,2431.43,33741,834.71,0,3800,15523.5,7206,4034.16,29776,11969.86,9949.81,183057.32,136163.77,179329.15,126860.12,124261.6,172564.64,261984.6,101929.13,154336.46,1440486.8
Long term,Age 65 and over,Learning disability support,Residential,In house provision,381.14,490,0,0,0,116.86,0,0,0,0,0,0,0,0,785.29,188,0,0,0,0,102,0,156.29,365,0,0,340,113,0,0,104,0,0,0,0,0,0,14,0,0,0,0,52,0,25.86,102.3,0,0,0,0,0,0,60,0,0,556.56,0,205,612.86,94.14,0,205,104,260.71,0,0,725,236.43,156,30.14,0,104.29,556.14,0,0,0,0,0,0,0,0,0,0,0,177,0,520,0,0,104,0,374,35,0,0,0,33.29,0,0,0,0,0,0,0,52,0,141,0,0,0,25,0,0,0,0,142,0,273,229.57,26,0,0,0,284.71,0,0,312,1240.15,947,0,247.43,0,12.6,0,0,231.57,0,0,0,0,0,0,0,624,0,0,0,0,0,0,0,0,679.3,606.86,2049.58,2098.27,1808,1033,2920.32,1206.57,871.43,13273.32
Long term,Age 65 and over,Learning disability support,Residential,External provision,895.29,3896,1375.36,661,1073.71,4294.57,1738,572,1170,373,975.84,3957.51,818,908,1292.86,354,2633,1729,763,1694.43,3078,1855,4272.57,1845,1388,834.29,2774,566,386,549,1426,370,446,486,624,132,290,208.71,682.43,1885,1838.14,156,1876,158,518.43,3514,229,662,634,734.54,1794.96,9459.29,397,2198.18,1343,1120.41,691,1300,3041.14,1915.86,1080,2787,2000,612.71,4001,3537,3531,1219.26,4172,3510.86,52,3437.29,1738.29,8797,7086,1650,4100,622,1674.29,223.71,260.71,1025,988,0,506,678,8026.86,1143.57,1195,3049,859,781,122,483,1232,712,651,872.86,1275,1579.64,1266,972,1508,2123,1040,52,279,2205.43,1145,1418,563,3907,2610,1478,1300,1753,1153,1483.86,2037.14,456.29,926,1339,2450,1922.29,1854,1407,701.71,16171.86,4058.8,167,365,104,4170.3,1333,0,4868.46,2169.71,1727,1800.71,10280,1199.57,3376.57,2901,1777.57,0,1063,4158,2274.86,4053.99,6559.1,2054.43,1553.77,18700.54,20904.99,25987.15,29740.55,25198.7,35781.43,51959.13,45453.5,33936,287661.98
Long term,Age 65 and over,Learning disability support,Residential,Total provision,1276.43,4386,1375.36,661,1073.71,4411.43,1738,572,1170,373,975.84,3957.51,818,908,2078.14,542,2633,1729,763,1694.43,3180,1855,4428.86,2210,1388,834.29,3114,679,386,549,1530,370,446,486,624,132,290,222.71,682.43,1885,1838.14,156,1928,158,544.29,3616.3,229,662,634,734.54,1794.96,9459.29,457,2198.18,1343,1676.97,691,1505,3654,2010,1080,2992,2104,873.42,4001,3537,4256,1455.69,4328,3541,52,3541.58,2294.43,8797,7086,1650,4100,622,1674.29,223.71,260.71,1025,988,0,683,678,8546.86,1143.57,1195,3153,859,1155,157,483,1232,712,684.29,872.86,1275,1579.64,1266,972,1508,2123,1092,52,420,2205.43,1145,1418,588,3907,2610,1478,1300,1895,1153,1756.86,2266.71,482.29,926,1339,2450,2207,1854,1407,1013.71,17412.01,5005.8,167,612.43,104,4182.9,1333,0,5100.03,2169.71,1727,1800.71,10280,1199.57,3376.57,2901,2401.57,0,1063,4158,2274.86,4053.99,6559.1,2054.43,1553.77,19379.84,21511.85,28036.72,31838.82,27006.7,36814.43,54879.45,46660.07,34807.43,300935.3
Long term,Age 65 and over,Mental health support,Residential,In house provision,2195.29,52,0,0,0,25.29,0,0,0,0,0,0,0,0,279.43,0,0,0,0,0,514,0,0,109,0,0,261,866,0,0,0,0,0,0,0,0,0,714.26,0,0,0,0,0,0,386.43,1197,0,0,0,0,0,808.71,204,52.14,0,0,0,104,501.29,127.29,0,36,0,0,0,0,421,1348.86,395,857.14,0,364,332.57,0,0,0,0,0,0,0,0,0,0,0,0,0,0,0,52,0,0,551,444,804,0,0,0,0,0,0,0,0,0,0,712,0,128,0,0,0,0,0,0,163,0,0,0,0,664.86,139.71,0,0,0,0,0,0,0,475.45,0,105,0,0,118.8,0,0,0,0,0,0,0,0,0,0,0,323,0,0,0,135.14,1167,0,0,4492.98,77.29,2029.43,1833.43,3718.57,1047,594.25,2611.57,1730.14,18134.67
Long term,Age 65 and over,Mental health support,Residential,External provision,5301.29,8969,5231.07,4812,4066.29,1829.57,4668,975,4226,4426,2665.8,2064.31,1812,3741,3205,52,8290,1932,1743,4810,4767,4413,2221.29,6142,774,4693.86,5756,2464,6786,6626,4251,5111,2718.57,7487,1112,8458,3015,14298.43,2211.5,4618,7251.57,2327,8135,2009.7,6873.71,13440.6,600,4630,5261,5482.81,6652.4,8371.14,4319,3138.3,1041,2054.68,3371,1654,8609.14,6201.71,482,5383,2792,1580.29,6999,1404,2597,4786.81,23871,9010.43,167,4422.71,4607,21586,14472,3483,7163,3007,2135.57,1602.14,52.14,409,569,0,1003,148,11900.57,710.71,1873,4309,929.8,2517,1894,4292,1241,2973,783.57,4364.29,1191,3325.57,3008,2189,603.14,3358,3218,341,1213,2654.32,774,358,1841,3122,2001,1073,1552,95,641,758.5,843.57,1310.43,365,2374,819,346.71,716,253,2095.71,5477.09,8566.1,549,1102.71,1451,6691.5,1211,0,17532.92,1512.14,10933,625.86,4702,3013.43,1323.83,867,6465.14,0,3515,0,4903.43,3134.05,12530.4,2705.86,4568.93,128005.18,45745.04,55004.15,55649.66,57864.95,70362.08,60203.74,53998.1,54675.21,581508.12
Long term,Age 65 and over,Mental health support,Residential,Total provision,7496.58,9021,5231.07,4812,4066.29,1854.86,4668,975,4226,4426,2665.8,2064.31,1812,3741,3484.43,52,8290,1932,1743,4810,5281,4413,2221.29,6251,774,4693.86,6017,3330,6786,6626,4251,5111,2718.57,7487,1112,8458,3015,15012.69,2211.5,4618,7251.57,2327,8135,2009.7,7260.14,14637.6,600,4630,5261,5482.81,6652.4,9179.86,4523,3190.44,1041,2054.68,3371,1758,9110.43,6329,482,5419,2792,1580.29,6999,1404,3018,6135.67,24266,9867.57,167,4786.71,4939.57,21586,14472,3483,7163,3007,2135.57,1602.14,52.14,409,569,0,1003,148,11900.57,710.71,1925,4309,929.8,3068,2338,5096,1241,2973,783.57,4364.29,1191,3325.57,3008,2189,603.14,3358,3930,341,1341,2654.32,774,358,1841,3122,2001,1236,1552,95,641,758.5,1508.43,1450.14,365,2374,819,346.71,716,253,2095.71,5952.53,8566.1,654,1102.71,1451,6810.3,1211,0,17532.92,1512.14,10933,625.86,4702,3013.43,1323.83,867,6465.14,323,3515,0,4903.43,3269.19,13697.4,2705.86,4568.93,132498.16,45822.33,57033.58,57483.1,61583.52,71409.08,60797.99,56609.68,56405.35,599642.79
Long term,Age 18 to 64,Physical support,Nursing,External provision,2319,747,858,986,103,1661.14,833,93,500,384,471.42,2814.6,352,219,724.29,731,2141,2821,804,1787.71,2548,721,2606.71,685,109,249.65,1747,659,364,271,1044,420,318.6,1036,615,347,511,767.29,660.21,1777,2051.57,699,858,52,462.43,2925.7,273,384,865.3,515.82,445.69,4323.14,290,1127.24,1525,434.7,657,1101,1595.86,1152.29,324,1261,1005,664.57,2528,1817,2173,2625.64,432,439,0,3031.29,414.42,3719,3078,2593,1788,396,1426.85,456.86,421.43,184,826,261.08,368,154,2426,0,0,913,833.9,451,687,1074.2,842,526,952.57,690.43,384,1668.15,1172,1519.7,672.14,647,446,52,618,1011.43,1283,1954,251,1173,1473,691,600,490,484,1064.2,995,273.57,756,724,690,373.71,499,364,363.29,2103.83,1988.2,569,240,212,4016.4,49,682.57,1611.14,966.43,1242,220.43,3515,657.86,1615.86,1689,1585,0,443,1496.32,679.14,1168,1090,390.29,214.16,19536.92,9803.16,18553.36,15906.49,13460.35,14291.9,22644.94,26414.1,12854.2,153465.42
Long term,Age 18 to 64,Physical support,Nursing,Total provision,2319,747,858,986,103,1661.14,833,93,500,384,471.42,2814.6,352,219,724.29,731,2141,2821,804,1787.71,2548,721,2606.71,685,109,249.65,1747,659,364,271,1044,420,318.6,1036,615,347,511,767.29,660.21,1777,2051.57,699,858,52,462.43,2925.7,273,384,865.3,515.82,445.69,4323.14,290,1127.24,1525,434.7,657,1101,1595.86,1152.29,324,1261,1005,664.57,2528,1817,2173,2625.64,432,439,0,3031.29,414.42,3719,3078,2593,1788,396,1426.85,456.86,421.43,184,826,261.08,368,154,2426,0,0,913,833.9,451,687,1074.2,842,526,952.57,690.43,384,1668.15,1172,1519.7,672.14,647,446,52,618,1011.43,1283,1954,251,1173,1473,691,600,490,484,1064.2,995,273.57,756,724,690,373.71,499,364,363.29,2103.83,1988.2,569,240,212,4016.4,49,682.57,1611.14,966.43,1242,220.43,3515,657.86,1615.86,1689,1585,0,443,1496.32,679.14,1168,1090,390.29,214.16,19536.92,9803.16,18553.36,15906.49,13460.35,14291.9,22644.94,26414.1,12854.2,153465.42
Long term,Age 18 to 64,Sensory support,Nursing,External provision,47,0,6.57,52,0,38.29,0,0,0,0,0,0,0,0,52,0,104,0,3,0,19,0,0,0,0,26.99,52,0,0,0,0,52,0,0,0,0,0,0,0,52,0,36,0,0,0,0,0,0,52.1,27.43,52,0,0,0,0,24,47,0,67.57,29.71,0,0,0,0,52,98,105,0,0,0,0,52.14,0,0,41,29,42,0,0,0,0,0,0,0,0,0,0,0,0,0,0,0,0,160.51,0,0,0,0,0,0,0,0,0,120,0,0,0,0,0,28,0,8.86,52,0,59,0,0,0,0,0,0,0,0,0,0,0,0,57.92,52.1,0,0,0,47.3,0,0,46.29,0,26,0,52,36.14,52,0,0,0,0,61.66,0,0,0,0,0,266.53,96.86,256.99,220.28,307.14,83,320.75,428.37,139.66,2119.58
Long term,Age 18 to 64,Sensory support,Nursing,Total provision,47,0,6.57,52,0,38.29,0,0,0,0,0,0,0,0,52,0,104,0,3,0,19,0,0,0,0,26.99,52,0,0,0,0,52,0,0,0,0,0,0,0,52,0,36,0,0,0,0,0,0,52.1,27.43,52,0,0,0,0,24,47,0,67.57,29.71,0,0,0,0,52,98,105,0,0,0,0,52.14,0,0,41,29,42,0,0,0,0,0,0,0,0,0,0,0,0,0,0,0,0,160.51,0,0,0,0,0,0,0,0,0,120,0,0,0,0,0,28,0,8.86,52,0,59,0,0,0,0,0,0,0,0,0,0,0,0,57.92,52.1,0,0,0,47.3,0,0,46.29,0,26,0,52,36.14,52,0,0,0,0,61.66,0,0,0,0,0,266.53,96.86,256.99,220.28,307.14,83,320.75,428.37,139.66,2119.58
Long term,Age 18 to 64,Support with memory and cognition,Nursing,External provision,66.86,211,117.07,118,0,351.57,0,8,52,258,155,235.43,21,55,100.86,0,103,0,52,104.29,52,0,8,156,0,0,0,1,27,103,207,0,73,145,12,312,15,119.43,208.57,52,133.71,91,360,0,140.57,408,28,95,323.1,52.14,156.42,182.43,19,69.43,71,52.14,95,194,256.43,786.72,104,0,0,156.43,90,283,313,0,75,0,0,369,191.86,131,0,82,332,130,216.14,68.71,52.14,82,104,0,0,10,91,0,0,52,0,52,0,0,91,0,0,76,52,99.57,11,0,52,104,52,0,0,21.29,94,36,129,0,0,0,23,52,0,104,0,52,0,155,0,150.57,0,0,0,53.44,249.2,0,0,91,277,68,0,150.15,10.71,156,147.58,427,273.29,0,474,0,0,92,0,180.57,59.29,320.7,52.14,56.29,2972.38,1527.07,632.14,2143,1321.86,788,2123.79,1354.43,1629.57,14492.24
Long term,Age 18 to 64,Support with memory and cognition,Nursing,Total provision,66.86,211,117.07,118,0,351.57,0,8,52,258,155,235.43,21,55,100.86,0,103,0,52,104.29,52,0,8,156,0,0,0,1,27,103,207,0,73,145,12,312,15,119.43,208.57,52,133.71,91,360,0,140.57,408,28,95,323.1,52.14,156.42,182.43,19,69.43,71,52.14,95,194,256.43,786.72,104,0,0,156.43,90,283,313,0,75,0,0,369,191.86,131,0,82,332,130,216.14,68.71,52.14,82,104,0,0,10,91,0,0,52,0,52,0,0,91,0,0,76,52,99.57,11,0,52,104,52,0,0,21.29,94,36,129,0,0,0,23,52,0,104,0,52,0,155,0,150.57,0,0,0,53.44,249.2,0,0,91,277,68,0,150.15,10.71,156,147.58,427,273.29,0,474,0,0,92,0,180.57,59.29,320.7,52.14,56.29,2972.38,1527.07,632.14,2143,1321.86,788,2123.79,1354.43,1629.57,14492.24
Long term,Age 18 to 64,Learning disability support,Nursing,External provision,734.71,182,107.79,240,52,790.86,152,96,356,971,310.56,1005.27,127,210,0,1019,1687,3721,626,1054.14,718,0,1229.86,243,678,208.57,218,261,210,0,188,52,509.14,533,156,52,56,104.29,489.64,260,655.86,171,303,112,1136.29,436.4,25,0,701.7,553.11,64,1143.14,112,321.15,1043,168.28,95,558,1578.71,42.43,303,889,269,287.71,3187,0,4474,1704.61,253,156.43,0,1032.71,1432.14,1487,317,400,316,270,222.43,0,52.14,93,0,0,0,231,451,0,0,921,140.6,104,130,52.14,73,194,0,155.29,156,511.57,303,80,1.71,261,209,0,64,52.14,0,232,139,191.71,263,104,52,302,237,412.18,52.14,156,156,28,319,52.14,185,0,21.86,412.87,1191.6,0,0,22,854.9,0,0,387.14,105.29,220,239.57,208,267.71,124.29,540,531.71,0,190,1027.85,262.43,796.85,217.1,42.43,52.14,7439.14,4390.48,11873.57,6874.42,12239.89,4136.6,4447.93,4994.03,4266.37,60662.43
Long term,Age 18 to 64,Learning disability support,Nursing,Total provision,734.71,182,107.79,240,52,790.86,152,96,356,971,310.56,1005.27,127,210,0,1019,1687,3721,626,1054.14,718,0,1229.86,243,678,208.57,218,261,210,0,188,52,509.14,533,156,52,56,104.29,489.64,260,655.86,171,303,112,1136.29,436.4,25,0,701.7,553.11,64,1143.14,112,321.15,1043,168.28,95,558,1578.71,42.43,303,889,269,287.71,3187,0,4474,1704.61,253,156.43,0,1032.71,1432.14,1487,317,400,316,270,222.43,0,52.14,93,0,0,0,231,451,0,0,921,140.6,104,130,52.14,73,194,0,155.29,156,511.57,303,80,1.71,261,209,0,64,52.14,0,232,139,191.71,263,104,52,302,237,412.18,52.14,156,156,28,319,52.14,185,0,21.86,412.87,1191.6,0,0,22,854.9,0,0,387.14,105.29,220,239.57,208,267.71,124.29,540,531.71,0,190,1027.85,262.43,796.85,217.1,42.43,52.14,7439.14,4390.48,11873.57,6874.42,12239.89,4136.6,4447.93,4994.03,4266.37,60662.43
Long term,Age 18 to 64,Mental health support,Nursing,External provision,323.57,360,312.29,1673,220.43,257.14,807,720,936,1263,125.71,1722.63,268,182,104,351,991,2026,256,795.86,2805,85,991.71,318,5,908.79,199,104,613,434,1453,349,1141,735,26,476,0,1400.43,707.07,1836,2403.43,695,468,196,442.86,2299.4,370,156,230.1,2737.75,1083.24,1622.43,412,565.55,435,114.57,1337,2099,3027.29,530.43,611,1111,104,153.14,1147,0,1703,1585.71,469,311.71,0,831,53,1628,724,420,809,172,232.14,133,114.86,0,60,196.2,208,0,620,0,0,326,27.86,104,18,248.84,0,71,206,47,149,261.14,222,0,171,615,590,0,78,140.86,0,77,52,529,466,98,307,156,275,66.57,25.57,52,0,52,102,260.43,199,0,104,270.68,365.7,0,75,52,490.2,0,0,745.53,499.29,293,52.14,0,0,0,131,602,0,170,1211,220.86,109.29,244.4,0,52.14,19492.61,8665.2,10122.36,13205.65,6100.42,4428.86,3839.6,5517.41,3212.83,74584.94
Long term,Age 18 to 64,Mental health support,Nursing,Total provision,323.57,360,312.29,1673,220.43,257.14,807,720,936,1263,125.71,1722.63,268,182,104,351,991,2026,256,795.86,2805,85,991.71,318,5,908.79,199,104,613,434,1453,349,1141,735,26,476,0,1400.43,707.07,1836,2403.43,695,468,196,442.86,2299.4,370,156,230.1,2737.75,1083.24,1622.43,412,565.55,435,114.57,1337,2099,3027.29,530.43,611,1111,104,153.14,1147,0,1703,1585.71,469,311.71,0,831,53,1628,724,420,809,172,232.14,133,114.86,0,60,196.2,208,0,620,0,0,326,27.86,104,18,248.84,0,71,206,47,149,261.14,222,0,171,615,590,0,78,140.86,0,77,52,529,466,98,307,156,275,66.57,25.57,52,0,52,102,260.43,199,0,104,270.68,365.7,0,75,52,490.2,0,0,745.53,499.29,293,52.14,0,0,0,131,602,0,170,1211,220.86,109.29,244.4,0,52.14,19492.61,8665.2,10122.36,13205.65,6100.42,4428.86,3839.6,5517.41,3212.83,74584.94
Long term,Age 65 and over,Physical support,Nursing,External provision,21217.86,9982,6685.57,8831,6215.64,6301.71,11851,2338,4226,4442,4810.07,18996.81,2147,5248,7277.86,6900,20345,17230,5181,10600.29,26338,8090,23175.43,2182,1206,1723,25488,11153,2103,2259,15859,4451,2681.3,7576,9190,2966,8605,7675.29,6442.57,22219,16600,10542,10921,2677.86,11127.57,35050.6,2444,4661,15347.9,14888.33,8393.01,54505.43,8033,12261.5,16252,7221.07,8793,6952,34475.86,9952.57,9918,32783,22335,8927.43,34091,12242,28882,12069.97,9950,3252.43,203,22460.43,6737,32577,15618,47542,20890,4300,27916.54,6066.14,2854.71,3988,5816,4457.28,7153,7234,17240.57,208.57,701,17071,4193.1,3221,6193,7184.51,8132,3713,12300.29,10408.63,3800,9265.86,12735,9578,4820.43,10804,7890,99,6137,7615.82,8081,12798,5869,14894,12125,11627,6005,7760,8257,5810.32,5765.57,5261.75,8013,5902,8279,4645.43,4845,0,4362.43,48560.13,32430.7,14564,4300,2842,76342.2,3752,11459.71,33744.16,13633.43,21107,6915.85,59492,9316.29,23144.57,16504,49730.14,0,11128,18504,7735.86,12251.03,17336.7,4106.43,2750.02,237505.28,86826.8,172137.57,240802.87,129887.83,122213.24,406120.72,250421.6,212919.6,1858835.52
Long term,Age 65 and over,Physical support,Nursing,Total provision,21217.86,9982,6685.57,8831,6215.64,6301.71,11851,2338,4226,4442,4810.07,18996.81,2147,5248,7277.86,6900,20345,17230,5181,10600.29,26338,8090,23175.43,2182,1206,1723,25488,11153,2103,2259,15859,4451,2681.3,7576,9190,2966,8605,7675.29,6442.57,22219,16600,10542,10921,2677.86,11127.57,35050.6,2444,4661,15347.9,14888.33,8393.01,54505.43,8033,12261.5,16252,7221.07,8793,6952,34475.86,9952.57,9918,32783,22335,8927.43,34091,12242,28882,12069.97,9950,3252.43,203,22460.43,6737,32577,15618,47542,20890,4300,27916.54,6066.14,2854.71,3988,5816,4457.28,7153,7234,17240.57,208.57,701,17071,4193.1,3221,6193,7184.51,8132,3713,12300.29,10408.63,3800,9265.86,12735,9578,4820.43,10804,7890,99,6137,7615.82,8081,12798,5869,14894,12125,11627,6005,7760,8257,5810.32,5765.57,5261.75,8013,5902,8279,4645.43,4845,0,4362.43,48560.13,32430.7,14564,4300,2842,76342.2,3752,11459.71,33744.16,13633.43,21107,6915.85,59492,9316.29,23144.57,16504,49730.14,0,11128,18504,7735.86,12251.03,17336.7,4106.43,2750.02,237505.28,86826.8,172137.57,240802.87,129887.83,122213.24,406120.72,250421.6,212919.6,1858835.52
Long term,Age 65 and over,Sensory support,Nursing,External provision,0,0,323.43,104,65.79,87.43,209,4,11,0,0,0,0,52,397.86,0,2469,1094,0,387.29,977,0,0,0,0,101.86,463,320,6,19,169,292,0,20,212,199,458,198,52.14,342,318.71,17,663,166.57,229.86,1136.6,0,22,1274.9,320.69,703.71,206.71,209,181.99,5,99.73,74,150,264.29,199.57,316,74,237,246,95,55,1461,529.14,72,108.29,0,669.43,359.7,64,538,337,304,89,156.43,52.14,13,0,0,0,0,54,55.43,0,0,492,227.1,41,42,473.7,0,0,0,72.43,0,59.86,96,0,145.71,684,400,15,0,134.62,0,106.86,104,729,158,62,184,436,188,0,137.57,156,281,311,70,0,631,0,52,1243.71,1307.7,0,0,3,2953.2,39,0,363.71,52.14,360,131.29,684,193.14,841.29,0,516.86,0,19,1609,103.43,28.01,273,194.86,104.3,6116.47,804.65,6262,2967,3349.56,1852.53,7501.17,5635.75,4184.04,38673.17
Long term,Age 65 and over,Sensory support,Nursing,Total provision,0,0,323.43,104,65.79,87.43,209,4,11,0,0,0,0,52,397.86,0,2469,1094,0,387.29,977,0,0,0,0,101.86,463,320,6,19,169,292,0,20,212,199,458,198,52.14,342,318.71,17,663,166.57,229.86,1136.6,0,22,1274.9,320.69,703.71,206.71,209,181.99,5,99.73,74,150,264.29,199.57,316,74,237,246,95,55,1461,529.14,72,108.29,0,669.43,359.7,64,538,337,304,89,156.43,52.14,13,0,0,0,0,54,55.43,0,0,492,227.1,41,42,473.7,0,0,0,72.43,0,59.86,96,0,145.71,684,400,15,0,134.62,0,106.86,104,729,158,62,184,436,188,0,137.57,156,281,311,70,0,631,0,52,1243.71,1307.7,0,0,3,2953.2,39,0,363.71,52.14,360,131.29,684,193.14,841.29,0,516.86,0,19,1609,103.43,28.01,273,194.86,104.3,6116.47,804.65,6262,2967,3349.56,1852.53,7501.17,5635.75,4184.04,38673.17
Long term,Age 65 and over,Support with memory and cognition,Nursing,External provision,3088,3950,3756.43,3701,1400.36,909.57,796,3680,2454,3471,3120.36,13279.74,1801,1451,5620.71,4386,5045,6771,1956,2537.14,11269,175,7488.86,561,0,84.6,3559,206,1347,256,1215,1061,3077.14,1083,3700,1366,2219,2845.29,2375.86,3259,3213.43,3218,8888,1408,1488,10720.9,2080,1928,8265,7214.61,6758.15,5032,246,1240.95,6414,1631.03,640,5153,9601.86,5449.71,3084,605,1184,3282.23,1521,16685,8703,0,708,1333.71,230,17025.57,3518.14,7361,3082,4368,8925,1301,2231.86,2356.29,3463,3284,2424,3358.54,137,1114,6680.57,0,171,4363,0,701,1351,236.85,3149,530,0,287.43,767,1624.86,240,0,636.86,1828,2032,156,1105,1372.79,4906,2717,3377,698,0,256,2207,949,2239,5104.81,428,379.86,2045,1666,2350,4153.71,667,5616,3020,13179.66,11143,370,1479,932,10546.3,5077,6457.57,1938.11,6063.43,2966,2526.86,10884,1922.86,1738,27587,453.86,0,2580,11251,5989.29,3733.74,5796.7,2043.43,1222.66,75316.23,42319.46,51110.32,50321.93,49724.42,33935.57,92968.63,53725.16,70669.54,520091.25
Long term,Age 65 and over,Support with memory and cognition,Nursing,Total provision,3088,3950,3756.43,3701,1400.36,909.57,796,3680,2454,3471,3120.36,13279.74,1801,1451,5620.71,4386,5045,6771,1956,2537.14,11269,175,7488.86,561,0,84.6,3559,206,1347,256,1215,1061,3077.14,1083,3700,1366,2219,2845.29,2375.86,3259,3213.43,3218,8888,1408,1488,10720.9,2080,1928,8265,7214.61,6758.15,5032,246,1240.95,6414,1631.03,640,5153,9601.86,5449.71,3084,605,1184,3282.23,1521,16685,8703,0,708,1333.71,230,17025.57,3518.14,7361,3082,4368,8925,1301,2231.86,2356.29,3463,3284,2424,3358.54,137,1114,6680.57,0,171,4363,0,701,1351,236.85,3149,530,0,287.43,767,1624.86,240,0,636.86,1828,2032,156,1105,1372.79,4906,2717,3377,698,0,256,2207,949,2239,5104.81,428,379.86,2045,1666,2350,4153.71,667,5616,3020,13179.66,11143,370,1479,932,10546.3,5077,6457.57,1938.11,6063.43,2966,2526.86,10884,1922.86,1738,27587,453.86,0,2580,11251,5989.29,3733.74,5796.7,2043.43,1222.66,75316.23,42319.46,51110.32,50321.93,49724.42,33935.57,92968.63,53725.16,70669.54,520091.25
Long term,Age 65 and over,Learning disability support,Nursing,External provision,151.29,156,146,278,100.14,1766.57,104,157,156,67,96.85,622.4,263,277,221.57,557,688,915,109,213.86,724,67,242.29,190,52,52.14,561,108,130,0,154,104,131.9,106,85,63,122,52.14,103.29,416,615.29,204,635,260.14,260,398.1,0,9,498,160.71,52.14,881.43,122,10.57,403,52.15,37,465,500.71,1178.14,52,662,291,228.71,1030,0,1996,836.68,0,283,0,755.86,532.86,665,160,504,142,52,236.86,0,0,114,52,0,0,0,70.86,0,52,187,0,52,56,84,50,17,0,237.86,0,72,14,0,69.86,161,28,0,171,52.14,0,180,64,355,2944,104,104,104,139,250.7,127.14,156,52,183,210,0,399,0,0,817.51,556.1,0,0,0,584.5,147,0,844.14,144.71,217,386.14,256,227.14,0,83,570.57,0,223,797.86,403.57,713.57,398.4,39.29,0,4658.86,3912.96,4977.86,4935.85,5434.4,1436.86,4483.96,6328.7,3832.4,40001.84
Long term,Age 65 and over,Learning disability support,Nursing,Total provision,151.29,156,146,278,100.14,1766.57,104,157,156,67,96.85,622.4,263,277,221.57,557,688,915,109,213.86,724,67,242.29,190,52,52.14,561,108,130,0,154,104,131.9,106,85,63,122,52.14,103.29,416,615.29,204,635,260.14,260,398.1,0,9,498,160.71,52.14,881.43,122,10.57,403,52.15,37,465,500.71,1178.14,52,662,291,228.71,1030,0,1996,836.68,0,283,0,755.86,532.86,665,160,504,142,52,236.86,0,0,114,52,0,0,0,70.86,0,52,187,0,52,56,84,50,17,0,237.86,0,72,14,0,69.86,161,28,0,171,52.14,0,180,64,355,2944,104,104,104,139,250.7,127.14,156,52,183,210,0,399,0,0,817.51,556.1,0,0,0,584.5,147,0,844.14,144.71,217,386.14,256,227.14,0,83,570.57,0,223,797.86,403.57,713.57,398.4,39.29,0,4658.86,3912.96,4977.86,4935.85,5434.4,1436.86,4483.96,6328.7,3832.4,40001.84
Long term,Age 65 and over,Mental health support,Nursing,External provision,3177.14,2139,1735.07,2927,2131.21,565,2505,848,1607,1490,1119.92,682.25,696,1159,1384.14,104,6003,1189,351,2379.29,3294,1312,474.43,160,156,1212.29,2703,1714,2928,1518,2685,1038,980.7,1762,533,3887,2457,4292.29,830.14,2081,5318.14,1011,5038,694.7,6125.57,4240,110,341,5809.3,6527.89,2093.21,4273.57,1108,1255.96,389,684.9,2027,1673,6908.57,3232,1374,2934,1177,1095.71,4109,407,1767,3634.57,5508,1917.43,0,1626,1164.14,6645,2028,4365,3464,633,1993.28,383.14,141.14,40,291,178.54,763,238,1580.29,52.14,108,3478,1387.3,475,775,1895.17,186,1061,591.14,2144.86,249,3257.86,1234,0,0,2582,1753,0,463,354.63,344,129,553,2337,984,156,501,23,156,527.67,633.57,1280,108,1014,165,122.29,521,0,301.43,3928.68,3496.9,180,467,507,3330.1,246,0,8147.91,226.86,5347,126.57,33,497.43,675.14,99,5368.86,0,5634,0,1665,2495.98,2400.6,386.29,292.17,63384.87,18445.45,23595.15,30225.92,20133.14,20625.73,28601.41,25326.19,25644.61,255982.47
Long term,Age 65 and over,Mental health support,Nursing,Total provision,3177.14,2139,1735.07,2927,2131.21,565,2505,848,1607,1490,1119.92,682.25,696,1159,1384.14,104,6003,1189,351,2379.29,3294,1312,474.43,160,156,1212.29,2703,1714,2928,1518,2685,1038,980.7,1762,533,3887,2457,4292.29,830.14,2081,5318.14,1011,5038,694.7,6125.57,4240,110,341,5809.3,6527.89,2093.21,4273.57,1108,1255.96,389,684.9,2027,1673,6908.57,3232,1374,2934,1177,1095.71,4109,407,1767,3634.57,5508,1917.43,0,1626,1164.14,6645,2028,4365,3464,633,1993.28,383.14,141.14,40,291,178.54,763,238,1580.29,52.14,108,3478,1387.3,475,775,1895.17,186,1061,591.14,2144.86,249,3257.86,1234,0,0,2582,1753,0,463,354.63,344,129,553,2337,984,156,501,23,156,527.67,633.57,1280,108,1014,165,122.29,521,0,301.43,3928.68,3496.9,180,467,507,3330.1,246,0,8147.91,226.86,5347,126.57,33,497.43,675.14,99,5368.86,0,5634,0,1665,2495.98,2400.6,386.29,292.17,63384.87,18445.45,23595.15,30225.92,20133.14,20625.73,28601.41,25326.19,25644.61,255982.47
,Age 18 and over,,Internal home care provision,Hourly rate,26,0,19.36,50.23,42.3,30.49,11.4,36.2,0,0,17.46,27.68,18.97,0,0,21.79,54.89,0,22,0,35.74,42.37,51.09,23,0,16.87,22.5,26.9,0,0,0,0,40.07,0,21,0,0,0,0,10.92,0,0,0,11.46,15.67,17,0,27.27,0,0,0,30,19.2,37.8,24.38,0,0,0,0,15.19,0,21.57,0,15.1,0,0,21,0,37.3,32.69,0,0,43.07,0,0,0,0,18,0,14.12,0,33,16.75,21.75,0,0,0,0,18.8,0,0,40,32.32,0,0,15,0,33.89,0,0,0,0,13.39,0,0,0,0,0,0,0,0,0,92.63,31,:,0,0,0,0,0,54.17,0,18.7,0,22.86,0,35.28,0,0,37.83,42.15,21.96,14.7,0,32.59,0,78.04,0,0,0,0,0,0,0,18.8,0,45.72,0,0,19.08,0,0,21.17,28.23,31.72,23.32,33.52,27.28,30.78,35.2,30.92,29.07
,Age 18 and over,,External home care provision,Hourly rate,13.7,14.4,12.72,11.92,14.65,13.67,13.4,13.02,11.48,11.24,11.33,11.71,11.25,14,13.04,13.07,13,14,13.71,12.71,13.35,13.63,14.19,13,11.65,12.85,17.2,14.86,12.74,11.62,12.21,12.6,12.57,12.24,13,12.81,12.91,13.7,10.57,10.92,11.31,12.61,12.2,11.52,13.08,12.17,11.04,11.35,11.88,13.69,14.13,10.96,12.54,13.84,12.17,14.03,11.44,13.46,14.12,13.2,14.34,15.13,15.61,15.05,13,15,12,12.36,14.25,12.44,15.75,13.21,13.09,17.24,16.04,0,15,13.35,18.13,14.12,15.34,17.97,20,13.75,16.5,17.35,13.05,12.44,13,15.84,13.05,15.8,15.52,15.14,11.85,13,14.83,15.39,14,14.3,15.3,14.54,14.2,13.5,13.77,15,14.52,13.79,12.6,13.8,13.43,13.05,17.35,14,13.31,13.45,15,13.2,12.66,13.23,15.01,11.75,13,14.2,13.32,13.3,15.28,14.93,18.06,15.94,16.64,15.75,14.98,13.52,14.99,14.42,14.78,17,15.24,13.97,14,16.23,16,15.67,15,17,15.56,16.23,16.11,14.42,13.71,15.52,12.28,12.57,13.62,13.57,13.46,14.58,15.67,13.9,15.75,13.92
Short term,Age 18 to 64,Physical support,To maximise independence,In house provision,587.87,3259,28.49,948,783,463.86,0,0,91,0,357.93,0,0,0,730,327,2882,1928.28,447,810,521,0,141.57,381,0,305.29,1186,0,561,411,6672,0,492,42,390,568,24,249.1,267,99,0,830,0,138,413.57,94.3,255,146.16,0,30.03,0,2647.57,113,644.82,846,297.55,461,52,1100.57,147.13,0,376,172,0,0,0,992,269,1321,1325.57,20,546.96,462.86,0,795,0,2770,0,0,210,134.53,106.6,172,0,310,0,0,0,19,515.87,325.73,0,193,0,259,507,105.67,212,15,0,798,0,817.84,0,0,0,0,0,0,0,0,0,54,742,107,0,0,373.14,315,0,0,182,0,81,385,797.71,77.3,615.64,0,867,0,68.49,516.71,162.71,0,607.79,951.57,0,0,2099,0,849.4,2106,0,0,0,0,487.14,0,442.6,0,57.29,12270.03,5931.28,9659.14,6857.64,4937.39,4618.6,5963.85,5751.36,4877.91,60867.21
Short term,Age 18 to 64,Physical support,To maximise independence,External provision,0,0,0,0,508,0,590,274,292,0,0,177.52,50,0,0,0,0,0,128.34,0,0,0,0,0,0,0,21,197,0,0,0,726,8,362,1147,0,41,0,116.57,366,64.29,42,652,0,0,252.9,15,0,0,0,0,87.14,342,0,136,143.73,0,1,41.29,51.28,936,0,150,153.43,675.7,436,0,68.51,433,0,0,27.43,0,438,0,597,5393,301,398.28,0,33.61,86.1,0,419.59,0,17,1029.67,245.72,208,0,107.6,0,0,482.29,0,0,0,97,0,604.86,0,1918,0,256,35,13,650,0,685,0,177,342,299,0,108,977,275,0,0,154.29,0,134,114,374.75,0,0,0,0,503.8,85,0,0,770.86,0,0,0,0,264,168.86,48,644.71,623.1,0,8008,0,666,0,39.29,0,8546.3,728.14,0,3792.76,1891.52,346.34,2041.87,1640.64,7722.99,3518.95,7696.18,19128.69,47779.94
Short term,Age 18 to 64,Physical support,To maximise independence,Total provision,587.87,3259,28.49,948,1291,463.86,590,274,383,0,357.93,177.52,50,0,730,327,2882,1928.28,575.34,810,521,0,141.57,381,0,305.29,1207,197,561,411,6672,726,500,404,1537,568,65,249.1,383.57,465,64.29,872,652,138,413.57,347.2,270,146.16,0,30.03,0,2734.71,455,644.82,982,441.28,461,53,1141.86,198.41,936,376,322,153.43,675.7,436,992,337.51,1754,1325.57,20,574.39,462.86,438,795,597,8163,301,398.28,210,168.14,192.7,172,419.59,310,17,1029.67,245.72,227,515.87,433.33,0,193,482.29,259,507,105.67,309,15,604.86,798,1918,817.84,256,35,13,650,0,685,0,177,342,353,742,215,977,275,373.14,315,154.29,0,316,114,455.75,385,797.71,77.3,615.64,503.8,952,0,68.49,1287.57,162.71,0,607.79,951.57,264,168.86,2147,644.71,1472.5,2106,8008,0,666,0,526.43,0,8988.9,728.14,57.29,16062.79,7822.8,10005.48,8899.51,6578.03,12341.59,9482.8,13447.54,24006.6,108647.14
Short term,Age 18 to 64,Sensory support,To maximise independence,In house provision,19.05,0,0.03,7,46.57,8.14,0,0,0,0,2.11,0,0,0,10,14,100,0,0,9,3,0,0,0,0,0,76,0,0,0,0,0,32,20,0,1,0,0,9.29,0,0,10,0,0,0,0.7,0,4,0,0,0,46.71,16,25.29,0,3.57,0,4,9,11.1,0,0,0,0,0,0,57,0,7,3.43,0,761.57,56.28,0,10,0,52,0,0,0,0,0,3,0,0,0,0,0,0,0.27,0,0,6,0,10,0,0,0,0,0,14,0,46.33,0,0,0,0,0,0,0,0,0,4,15,5,0,0,0,0,0,0,0,0,0,6,0,0,17.81,0,0,0,0,13.29,0,0,20.99,0,0,0,21,0,26.7,0,0,0,0,0,0,0,0,0,0,96.04,63.85,212,115.67,885.28,68.27,76.09,100.33,26.7,1644.23
Short term,Age 18 to 64,Sensory support,To maximise independence,External provision,0,0,0,0,120.86,0,2,0,0,0,0,0,0,0,0,0,0,0,0,0,0,0,0,0,0,0,0,0,0,0,0,6,0,0,0,0,0,0,0,0,0,1,0,0,0,0,0,0,0,0,0,0,2,0,0,12,0,0,0,0,0,0,0,0,0,0,0,0,0,0,0,0,0,0,0,0,2,0,0,281.43,0,0,0,0,0,0,12.43,0,0,0,0,0,0,5.14,0,0,0,0,0,0,0,0,0,0,1,0,0,521.21,0,0,0,7,4,0,0,27,0,0,0,5.43,0,0,0,0,0,0,0,0,0,0,0,0,883.71,0,0,0,0,2,0,0,7.86,9.1,0,93,0,18,0,0,0,0,28.57,0,7,122.86,0,14,0,14.43,1173,570.78,150.67,2052.75
Short term,Age 18 to 64,Sensory support,To maximise independence,Total provision,19.05,0,0.03,7,167.43,8.14,2,0,0,0,2.11,0,0,0,10,14,100,0,0,9,3,0,0,0,0,0,76,0,0,0,0,6,32,20,0,1,0,0,9.29,0,0,11,0,0,0,0.7,0,4,0,0,0,46.71,18,25.29,0,15.57,0,4,9,11.1,0,0,0,0,0,0,57,0,7,3.43,0,761.57,56.28,0,10,0,54,0,0,281.43,0,0,3,0,0,0,12.43,0,0,0.27,0,0,6,5.14,10,0,0,0,0,0,14,0,46.33,0,1,0,0,521.21,0,0,0,7,8,15,5,27,0,0,0,5.43,0,0,0,0,6,0,0,17.81,0,0,0,0,897,0,0,20.99,0,2,0,21,7.86,35.8,0,93,0,18,0,0,0,0,28.57,0,103.04,186.71,212,129.67,885.28,82.7,1249.09,671.11,177.37,3696.98
Short term,Age 18 to 64,Support with memory and cognition,To maximise independence,In house provision,45.71,0,11.39,3,2.86,75.29,0,0,0,0,6.17,0,0,0,0,0,56,0,0,17,15,0,0,0,0,0,2,0,18,3,0,0,10.57,0,0,18,0,5.5,9.57,0,0,2,0,0,0,0.3,5,2.65,0,0.39,0,9.57,46,7.15,0,2.71,0,14,24.57,0,0,0,0,0,0,0,30,0,29,3.71,0,0.29,22,0,8,0,104,0,0,0,0,0,8,0,0,0,0,0,0,1.04,0,0,0,0,0,0,0,0,0,0,14,0,0,0,0,0,0,0,0,0,0,0,0,5,0,0,0,0,0,0,0,0,0,0,0,0,0,4.27,0,5,0,0,10.14,0,0,58.09,0,0,0,28,0,6.7,0,0,0,0,0,0,0,0,0,0,120.69,98.71,90,104,85,113.04,108.5,19,11.7,750.64
Short term,Age 18 to 64,Support with memory and cognition,To maximise independence,External provision,0,0,0,0,46.29,0,0,45,16,0,0,0,0,0,0,0,0,0,0,0,0,0,0,0,0,0,0,0,0,0,0,0,0,25,0,0,3,0,4,0,0,0,3,0,0,1.3,0,0,0,0,0,0,6,0,0,5.15,0,0,0,0,104,0,64,4,11.6,6,0,0,0,0,0,5.71,0,0,0,0,557,79,0,0,0,0,0,0,0,0,18.05,0,156,0,0,0,0,0,0,0,0,32,0,0,0,0,0,0,0,0,0,0,0,0,36,0,0,0,0,18,0,0,0,3.43,0,30,24,0,0,0,0,0,0,12,0,0,10.57,0,0,0,0,7,0,0,0,10.6,0,0,0,11,0,0,0,0,7,0,36.3,107.29,0,183.15,23.31,810.05,10.57,143.43,47.6,1361.7
Short term,Age 18 to 64,Support with memory and cognition,To maximise independence,Total provision,45.71,0,11.39,3,49.15,75.29,0,45,16,0,6.17,0,0,0,0,0,56,0,0,17,15,0,0,0,0,0,2,0,18,3,0,0,10.57,25,0,18,3,5.5,13.57,0,0,2,3,0,0,1.6,5,2.65,0,0.39,0,9.57,52,7.15,0,7.86,0,14,24.57,0,104,0,64,4,11.6,6,30,0,29,3.71,0,6,22,0,8,0,661,79,0,0,0,0,8,0,0,0,18.05,0,156,1.04,0,0,0,0,0,0,0,32,0,0,14,0,0,0,0,0,0,0,0,0,36,0,0,5,0,18,0,0,0,3.43,0,30,24,0,0,0,0,4.27,0,17,0,0,20.71,0,0,58.09,0,7,0,28,0,17.3,0,0,0,11,0,0,0,0,7,0,156.99,206,90,287.15,108.31,923.09,119.07,162.43,59.3,2112.34
Short term,Age 18 to 64,Learning disability support,To maximise independence,In house provision,105.9,0,0,22,980.43,293.14,0,0,0,8,0,0,0,0,15,56,0,0,0,5,10,0,0,0,0,0,897,0,16,0,0,0,10.29,1,0,1,0,9.1,23.86,2,0,7,0,0,0,0.5,15,8.28,0,0,0,227,0,0,0,106.72,52,0,110,2.72,0,75,32,0,0,0,112,3,25,0,0,61.57,11.14,0,6,0,2133,0,0,4.86,0,0,2,0,0,0,0,0,0,0.99,0,0,52,0,0,0,0,0,0,0,0,0,0,0,0,0,0,0,0,0,0,0,0,0,0,0,0,0,0,0,0,6,0,0,20,0,0,35.18,0,81,0,0,0,1010,0,0,3643.43,0,0,23,0,13.7,4065,0,0,0,0,0,0,0,0,0,199.93,1303.57,983,605.44,212.71,2191.99,4718.47,26,4159.7,14400.8
Short term,Age 18 to 64,Learning disability support,To maximise independence,External provision,0,0,0,0,406.42,0,7,579,3,0,0,0,2,0,0,0,0,0,0,0,0,0,0,0,0,0,0,0,0,0,0,58,0,16,90,446,285,0,0,11,0,112,0,0,0,3.9,10,0,0,0,0,0.29,22,0,0,13.14,0,21,0,194,2779,0,46,0,8.7,9,0,0,16,0,0,1.43,0,13,0,0,4564,159,5.14,0,0,0,0,295.15,0,0,76.21,0,0,0,107,0,0,4.14,0,0,0,0,0,100.14,0,0,0,0,0,8,0,0,0,0,0,0,0,0,0,49,4,0,0,58.43,0,46,9,0,0,0,0,0,0,2,0,0,6.29,88,0,0,0,29,0,0,0,69.1,0,956.6,0,6,0,0,0,241,27,0,1031.9,997.42,0,3075.43,35.13,4919.21,394.58,278.71,1330.7,12063.09
Short term,Age 18 to 64,Learning disability support,To maximise independence,Total provision,105.9,0,0,22,1386.85,293.14,7,579,3,8,0,0,2,0,15,56,0,0,0,5,10,0,0,0,0,0,897,0,16,0,0,58,10.29,17,90,447,285,9.1,23.86,13,0,119,0,0,0,4.4,25,8.28,0,0,0,227.29,22,0,0,119.86,52,21,110,196.72,2779,75,78,0,8.7,9,112,3,41,0,0,63,11.14,13,6,0,6697,159,5.14,4.86,0,0,2,295.15,0,0,76.21,0,0,0.99,107,0,52,4.14,0,0,0,0,0,100.14,0,0,0,0,0,8,0,0,0,0,0,0,0,0,0,49,4,0,0,58.43,0,52,9,0,20,0,0,35.18,0,83,0,0,6.29,1098,0,0,3643.43,29,0,23,0,82.8,4065,956.6,0,6,0,0,0,241,27,0,1231.83,2300.99,983,3680.87,247.84,7111.2,5113.05,304.71,5490.4,26463.89
Short term,Age 18 to 64,Mental health support,To maximise independence,In house provision,14.86,0,2.6,651,1023.86,69.57,0,0,0,0,43.96,0,0,0,50,0,3980,0,0,55,83,0,0,0,0,0,121,0,91,9,0,0,12.57,2,0,1,0,5.5,18.57,3,0,6,0,0,3580,0.4,21,96.1,136.35,1.71,0,274.71,0,5.14,0,55.88,0,466,36.86,0.81,0,40,0,0,0,0,86,25.86,233,36.43,0,2662.9,19,0,60,0,52,0,0,0,0,0,1,0,0,0,0,0,0,2.66,0,0,36,0,14,0,1.36,0,0,0,0,0,16.74,0,0,0,0,0,0,0,0,0,0,4,15,0,0,0,15.57,0,0,3,0,0,32,48,60.4,75.94,0,5,0,0,4.71,0,0,41.24,0,0,0,1826,0,16.3,0,0,0,0,0,5.71,0,0,0,0,3999.06,1790.99,4289,879.4,3063.19,150.66,2009.29,149.67,27.01,16358.28
Short term,Age 18 to 64,Mental health support,To maximise independence,External provision,0,0,0,0,106.29,0,36,52,74,0,0,0,1,0,0,0,0,0,0,0,0,0,0,0,0,139.71,0,18.4,0,0,0,50,0,27,25,0,0,0,21.71,108,0,31,8,0,0,2.7,68,0,0,39.14,0,0,17,0,0,0,0,0,0,17.43,250,0,3,0,37.7,0,0,10.68,47,0,0,29.43,0,0,0,0,364,159,5,0,0,0,0,169,0,0,0,0,0,0,0,0,0,122.71,0,0,0,0,0,4331.64,0,0,0,0,0,20,0,105.28,0,0,0,36,5,0,3,0,3,0,0,0,0,63,0,10.71,0,0,0,0,0,0,0,0,31.71,0,0,0,0,33,0,41,8.86,6.1,0,202.1,0,12,0,0,0,0,11.57,0,380.55,269.29,158.11,287.43,124.81,523,255.57,4700.35,264.77,6963.88
Short term,Age 18 to 64,Mental health support,To maximise independence,Total provision,14.86,0,2.6,651,1130.15,69.57,36,52,74,0,43.96,0,1,0,50,0,3980,0,0,55,83,0,0,0,0,139.71,121,18.4,91,9,0,50,12.57,29,25,1,0,5.5,40.28,111,0,37,8,0,3580,3.1,89,96.1,136.35,40.85,0,274.71,17,5.14,0,55.88,0,466,36.86,18.24,250,40,3,0,37.7,0,86,36.54,280,36.43,0,2692.33,19,0,60,0,416,159,5,0,0,0,1,169,0,0,0,0,0,2.66,0,0,36,122.71,14,0,1.36,0,0,4331.64,0,0,16.74,0,0,20,0,105.28,0,0,0,36,5,4,18,0,3,0,15.57,0,0,66,0,10.71,32,48,60.4,75.94,0,5,0,0,36.42,0,0,41.24,0,33,0,1867,8.86,22.4,0,202.1,0,12,0,5.71,0,0,11.57,0,4379.61,2060.28,4447.11,1166.83,3188,673.66,2264.86,4850.02,291.78,23322.15
Short term,Age 65 and over,Physical support,To maximise independence,In house provision,5875.83,20693,809.06,8741,6200.29,1558.86,0,0,632,1847,4393.87,4223.95,0,1582,3235,6807,24754,16844.43,3952,7208,2900,886,1656,2850,0,4751.03,15693,504.14,8654,3781,48651,0,4699.43,1079,3590,3439,1347,2571.9,1682.57,2147,0,7611,0,2394,7014.29,3390.1,1358,1498.6,199.3,2174,3143,25158.14,1639,9375.45,8268,3521.04,10338,2899,15011.14,820.04,0,6064,1976,0,0,0,16422,2682.85,18636,6712.29,756,2051.31,4687.71,0,13872,0,9671,1271,0,2161.43,1557.27,974.7,2999,259.4,4032,0,0,2045.51,204,493.98,1786.72,1958,4050,0,2462,3008,1133.68,1905,104,0,3947,0,3577.36,0,0,0,0,0,0,0,780,0,568,6878,1040,0,0,4350.43,2875.14,0,0,901,0,828.25,3810,5912.14,1711,10959.54,33.2,11937,548,502.23,9326.43,6907,15222.43,6821.8,6824.57,0,0,29830,0,11006.6,15008,0,40,0,1152,3809.14,58,346.4,0,381.86,113157.02,49099.03,93622.6,88212.81,51948.16,35352.21,99619.76,44080,44789.23,619880.81
Short term,Age 65 and over,Physical support,To maximise independence,External provision,0,0,0,0,2575.29,0,7415,2870,1769,0,0,3109.92,1126,797,0,84,0,0,603.5,0,0,0,0,0,0,0,802,2377,0,0,0,4187,10.3,3285,9696,0,107,0,1406.71,3702,910.29,762,6937,0,0,10778.3,224,0,491.86,80.74,5494,342.14,2653,0,1260,3106.03,0,0,591.43,8,1980,0,556,2923.86,10628.5,6858,0,25.7,5797,1.86,0,287.14,0,8915,0,8405,28833,0,4284.43,0,393.3,878.7,0,534.12,0,517,13374.01,2576.49,5824,2686.91,1499.5,199,123.25,2984.71,0,0,0,1030,520,641,0,7246,0,1054,398,115,5064,8407.86,4931.6,0,2353,4793,2102,0,850,7042,5308,6.86,0,1879,0,587,1038,5414.75,0,0,0,0,6575.9,274,2783,0,9409.71,173,0,0,0,4103,1752.14,493,3428.71,8756,0,53334.9,0,7658,0,1305.14,0,15206.3,6517,0,42578.2,18865.21,4663.5,18914.46,23598.2,64031.16,35092.87,63765.78,101689.48,373198.85
Short term,Age 65 and over,Physical support,To maximise independence,Total provision,5875.83,20693,809.06,8741,8775.58,1558.86,7415,2870,2401,1847,4393.87,7333.87,1126,2379,3235,6891,24754,16844.43,4555.5,7208,2900,886,1656,2850,0,4751.03,16495,2881.14,8654,3781,48651,4187,4709.73,4364,13286,3439,1454,2571.9,3089.28,5849,910.29,8373,6937,2394,7014.29,14168.4,1582,1498.6,691.16,2254.74,8637,25500.29,4292,9375.45,9528,6627.07,10338,2899,15602.57,828.04,1980,6064,2532,2923.86,10628.5,6858,16422,2708.55,24433,6714.15,756,2338.45,4687.71,8915,13872,8405,38504,1271,4284.43,2161.43,1950.57,1853.4,2999,793.52,4032,517,13374.01,4622,6028,3180.89,3286.22,2157,4173.25,2984.71,2462,3008,1133.68,2935,624,641,3947,7246,3577.36,1054,398,115,5064,8407.86,4931.6,0,3133,4793,2670,6878,1890,7042,5308,4357.29,2875.14,1879,0,1488,1038,6243,3810,5912.14,1711,10959.54,6609.1,12211,3331,502.23,18736.14,7080,15222.43,6821.8,6824.57,4103,1752.14,30323,3428.71,19762.6,15008,53334.9,40,7658,1152,5114.28,58,15552.7,6517,381.86,155735.22,67964.24,98286.1,107127.27,75546.36,99383.36,134712.63,107845.77,146478.71,993079.67
Short term,Age 65 and over,Sensory support,To maximise independence,In house provision,37.79,0,34.43,90,358,24.57,0,0,0,0,79.62,0,0,56,200,0,452,0,0,174,55,0,0,0,0,0,186,0,321,10,0,0,53.14,21,85,9,10,122.3,51.43,5,0,26,0,0,0,1.3,30,16.04,0,5.49,0,255.57,149,327.12,0,205.86,0,128,295.14,2.13,0,74,2,0,0,0,889,149.43,148,19.57,0,1485.51,202.29,0,447,0,77,0,0,0,0,0,101,0,0,0,0,0,0,10.18,0,0,275,0,70,0,0,0,0,0,42,0,53.35,0,0,0,0,0,0,0,0,0,6,36,17,0,0,0,0,0,0,7,0,13.71,302,0,6.7,402.23,0,76,0,0,137.71,0,0,612.28,0,0,0,565,0,844.5,0,0,12,0,0,12,0,0,0,0,804.49,586.62,1123,1438.82,2893.8,809.18,1824.92,547.06,944.5,10972.4
Short term,Age 65 and over,Sensory support,To maximise independence,External provision,0,0,0,0,138.42,0,44,19,3,0,0,0,1,28,0,0,0,0,0,0,0,0,0,0,0,0,6,9.3,0,0,0,259,0,103,234,0,1,0,26.14,13,4.14,45,34,0,0,13.1,1,0,0,0,0,16.29,100,0,0,43.14,0,0,0,0,104,0,6,16.71,58,65,0,1.04,22,0,0,58,0,89,0,0,137,0,26.14,603.42,0,0,0,0,0,28,216.47,41.29,0,80.02,60.2,0,2.9,199.43,0,0,0,0,0,11.86,0,0,0,5,15,0,0,71.07,0,0,16,150,14,0,50,131,51,0,0,2.57,0,46,4,59.86,0,0,0,0,0,0,0,0,3064.43,0,0,0,0,41,9.57,0,22.57,536,0,1352.4,0,143,0,4.86,0,0,115.57,0,733.38,205.42,43.3,286.14,204.04,626.88,3744.56,826.79,2202.4,8872.91
Short term,Age 65 and over,Sensory support,To maximise independence,Total provision,37.79,0,34.43,90,496.42,24.57,44,19,3,0,79.62,0,1,84,200,0,452,0,0,174,55,0,0,0,0,0,192,9.3,321,10,0,259,53.14,124,319,9,11,122.3,77.57,18,4.14,71,34,0,0,14.4,31,16.04,0,5.49,0,271.86,249,327.12,0,249,0,128,295.14,2.13,104,74,8,16.71,58,65,889,150.47,170,19.57,0,1543.51,202.29,89,447,0,214,0,26.14,603.42,0,0,101,0,0,28,216.47,41.29,0,90.2,60.2,0,277.9,199.43,70,0,0,0,0,11.86,42,0,53.35,5,15,0,0,71.07,0,0,16,150,20,36,67,131,51,0,0,2.57,0,53,4,73.57,302,0,6.7,402.23,0,76,0,0,3202.14,0,0,612.28,0,41,9.57,565,22.57,1380.5,0,1352.4,12,143,0,16.86,0,0,115.57,0,1537.87,792.04,1166.3,1724.96,3097.84,1436.06,5569.48,1373.85,3146.9,19845.31
Short term,Age 65 and over,Support with memory and cognition,To maximise independence,In house provision,478.86,0,64.72,534,587.57,234.29,0,0,10,0,153.36,0,0,93,165,0,1686,1927.43,54.81,121,1460,0,0,0,0,107.82,429,0,386,118,0,0,92.71,83,126,92,23,71.6,95.71,33,0,24,0,0,0,50.1,42,42.64,0,48.75,0,842.43,1007,327.13,0,440.57,0,116,542.14,60.01,0,329,50,0,0,0,726,0.57,1215,172.86,24,115.2,262.43,0,370,0,678,0,0,0.57,0,243.7,377,0,8,0,0,0,14,4.82,0,0,202,0,46,0,0.4,0,0,0,167,0,117.97,0,0,0,0,0,0,0,0,0,22,141,7,0,0,24.71,8.57,0,0,23,0,28.57,214,0,149.4,440.35,0,169,78,0,681.14,0,0,444.65,0,0,0,1510,0,35.9,0,0,0,0,0,46.43,4.14,0,0,0,1807.37,1583.94,6044.06,3714.28,2516.06,1268.82,3854.81,800.23,333.47,21923.04
Short term,Age 65 and over,Support with memory and cognition,To maximise independence,External provision,0,0,0,0,570,0,25,734,361,0,0,0,80,47,0,0,0,0,0,0,0,0,0,0,0,0,59,39.3,0,0,0,53,0,256,1236,0,2,0,94.57,0,18.14,83,66,0,0,249.2,10,0,0,0,0,43,127,0,0,124.28,0,0,3.29,6.71,312,0,29,91.57,66.7,1304,0,0,258,0,0,356.29,0,408,0,0,4420,394,108.43,0,0,104.3,0,157.63,0,15,579.38,18.43,2340,294.02,13,0,13.05,18.14,0,0,0,38,0,55.86,0,0,0,0,4,0,0,182.57,0,0,68,54,50,0,44,189,28,15,0,63.14,0,125,6,156.93,0,0,0,0,0,9,395,0,516.57,0,0,0,0,164,44.14,74,180,280.7,0,249.6,0,322,0,117.43,0,0,87.14,0,2067.91,1770,145.3,736.85,1984.99,8479.88,1155.93,1097.64,1669.01,19107.51
Short term,Age 65 and over,Support with memory and cognition,To maximise independence,Total provision,478.86,0,64.72,534,1157.57,234.29,25,734,371,0,153.36,0,80,140,165,0,1686,1927.43,54.81,121,1460,0,0,0,0,107.82,488,39.3,386,118,0,53,92.71,339,1362,92,25,71.6,190.28,33,18.14,107,66,0,0,299.3,52,42.64,0,48.75,0,885.43,1134,327.13,0,564.85,0,116,545.43,66.72,312,329,79,91.57,66.7,1304,726,0.57,1473,172.86,24,471.49,262.43,408,370,0,5098,394,108.43,0.57,0,348,377,157.63,8,15,579.38,18.43,2354,298.84,13,0,215.05,18.14,46,0,0.4,38,0,55.86,167,0,117.97,0,4,0,0,182.57,0,0,68,54,72,141,51,189,28,39.71,8.57,63.14,0,148,6,185.5,214,0,149.4,440.35,0,178,473,0,1197.71,0,0,444.65,0,164,44.14,1584,180,316.6,0,249.6,0,322,0,163.86,4.14,0,87.14,0,3875.28,3353.94,6189.36,4451.13,4501.05,9748.7,5010.74,1897.87,2002.48,41030.56
Short term,Age 65 and over,Learning disability support,To maximise independence,In house provision,0,0,0,20,59.71,953.63,0,0,0,0,0,0,0,0,15,0,0,0,0,3,7,0,0,0,0,0,113,0,138,0,0,0,0,8,0,0,0,0,3.71,15,0,0,0,0,0,0.9,19,0,0,0,0,32.43,1,0,0,0,0,1,11.57,1.22,0,0,0,0,0,0,72,0.71,2,0,0,0,3.14,0,6,0,52,0,0,0,0,0,0,0,0,0,0,0,7,0,0,0,15,0,0,0,0,0,0,0,0,0,0,0,0,0,0,0,0,0,0,0,0,0,0,0,0,0,0,0,0,4,0,0,0,0,0,5.45,0,7,0,0,39.29,0,0,0,430.86,0,0,12,0,5.6,0,0,0,0,0,15.29,0,0,0,0,184.61,1033.34,138,47.22,77.85,80,487.6,4,27.89,2080.51
Short term,Age 65 and over,Learning disability support,To maximise independence,External provision,0,0,0,0,97.71,0,12,6,0,0,0,0,4,0,0,0,0,0,0,0,0,0,0,0,0,0,0,0,0,0,0,14,0,0,16,0,0,0,22.43,19,6,0,1,0,0,28.2,0,0,0,0,0,0.43,0,0,0,0,0,0,0,2,52,0,0,0,17.4,5,0,0,5,0,0,0,0,4,0,0,310,0,0,0,0,0,0,0,0,0,0,0,0,22.87,0,0,0,6.86,0,0,0,0,0,0,0,0,0,0,0,0,0,6.14,0,0,0,15,0,0,0,0,5,0,0,0,0,0,0,0,0,0,0,0,0,3,0,0,6.14,0,0,0,0,0,0,0,0,21.7,0,206.3,0,26,0,10.71,0,0,14,0,106.63,119.71,0,54.43,27.4,336.87,6.14,33,281.71,965.89
Short term,Age 65 and over,Learning disability support,To maximise independence,Total provision,0,0,0,20,157.42,953.63,12,6,0,0,0,0,4,0,15,0,0,0,0,3,7,0,0,0,0,0,113,0,138,0,0,14,0,8,16,0,0,0,26.14,34,6,0,1,0,0,29.1,19,0,0,0,0,32.86,1,0,0,0,0,1,11.57,3.22,52,0,0,0,17.4,5,72,0.71,7,0,0,0,3.14,4,6,0,362,0,0,0,0,0,0,0,0,0,0,0,7,22.87,0,0,15,6.86,0,0,0,0,0,0,0,0,0,0,0,0,0,6.14,0,0,0,15,0,0,0,0,5,0,0,0,0,4,0,0,0,0,0,5.45,0,10,0,0,45.43,0,0,0,430.86,0,0,12,0,27.3,0,206.3,0,26,0,26,0,0,14,0,291.24,1153.05,138,101.65,105.25,416.87,493.74,37,309.6,3046.4
Short term,Age 65 and over,Mental health support,To maximise independence,In house provision,66.86,0,78.84,76,599.71,208.86,0,0,11,0,35.86,0,0,16,80,0,2791,0,0,103,165,0,0,0,0,0,101,0,491,71,0,0,283.14,28,51,16,22,178.4,60.57,58,0,40,0,0,293.29,47,22,43.87,0,36.53,0,263.57,0,60.13,0,374.92,0,87,388.29,10.49,0,456,14,0,0,0,272,129.14,876,101.43,0,131.46,54.29,0,137,0,194,0,0,12.57,0,0,64,0,11,0,0,0,8,0.89,0,0,153,0,16,0,22.91,0,0,0,0,0,0,0,0,0,0,0,0,0,0,0,4,3,9,0,0,0,26.86,0,0,5,0,0,76,250,65.4,260.65,0,77,3,0,79,0,0,500.14,0,0,0,168,0,122.1,0,0,6,0,0,30.57,0,0,0,0,1808.66,1010.27,3256,1654.4,1564.32,492.89,1160.76,412.77,238.67,11598.74
Short term,Age 65 and over,Mental health support,To maximise independence,External provision,0,0,0,0,544.14,0,113,547,145,0,0,0,5,8,0,0,0,0,0,0,0,0,0,0,0,0,4,59.6,0,0,0,133,3.43,91,240,0,15,0,47.57,107,8.43,33,11,0,0,16.4,6,0,52,4,0,0,121,0,0,209.84,0,0,1.14,10,52,0,0,38.86,69.6,245,0,1.04,280,3.71,0,164.57,0,174,0,0,801,118,31.71,0,0,16.4,0,0,0,0,210.02,0,0,203.37,168.6,0,5.8,165.71,0,0,0,67,0,1973.21,0,157,0,50,11,4,0,82.72,0,67.71,0,129,25,0,0,22,7,3,0,129.57,0,15,15,70.75,0,0,0,0,0,0,14,0,41.71,0,0,0,0,179,0.71,37,1.43,127.9,0,773.4,0,158,0,16.14,0,0,122.57,0,767.83,1354.14,71.6,432.84,763.92,1680.79,128.25,2994.68,1391.72,9585.78
Short term,Age 65 and over,Mental health support,To maximise independence,Total provision,66.86,0,78.84,76,1143.85,208.86,113,547,156,0,35.86,0,5,24,80,0,2791,0,0,103,165,0,0,0,0,0,105,59.6,491,71,0,133,286.57,119,291,16,37,178.4,108.14,165,8.43,73,11,0,293.29,63.4,28,43.87,52,40.53,0,263.57,121,60.13,0,584.76,0,87,389.43,20.49,52,456,14,38.86,69.6,245,272,130.18,1156,105.14,0,296.03,54.29,174,137,0,995,118,31.71,12.57,0,16.4,64,0,11,0,210.02,0,8,204.26,168.6,0,158.8,165.71,16,0,22.91,67,0,1973.21,0,157,0,50,11,4,0,82.72,0,67.71,0,129,29,3,9,22,7,3,26.86,129.57,0,20,15,70.75,76,250,65.4,260.65,0,77,17,0,120.71,0,0,500.14,0,179,0.71,205,1.43,250,0,773.4,6,158,0,46.71,0,0,122.57,0,2576.49,2364.41,3327.6,2087.24,2328.24,2173.68,1289.01,3407.45,1630.39,21184.51
,Age 18 and over,,Capital charges,,No,Yes,No,Yes,Yes,No,No,No,Yes,No,No,no,No,No,No,No,No,No,No,No,Yes,Yes,No,No,No,No,No,No,No,No,No,No,No,No,No,No,no,Yes,No,No,No,No,No,No,No,No,Yes,No,Yes,No,No,No,Yes,Yes,No,No,Yes,No,Yes,No,No,No,Yes,No,No,No,No,No,Yes,No,No,Yes,Yes,Yes,No,No,No,No,No,No,No,No,Yes,No,No,Yes,Yes,No,No,No,No,Yes,No,No,No,No,No,No,No,No,No,No,Yes,No,No,No,No,No,No,No,Yes,No,No,Yes,No,Yes,No,Yes,Yes,Yes,No,No,No,No,No,No,No,No,No,No,No,No,Yes,Yes,No,Yes,Yes,No,No,Yes,No,Yes,No,No,No,No,Yes,Yes,No,Yes,Yes,No,,,,,,,,,,
Long term,Age 18 and over,,Number of SALT Clients,,0,990,:,:,340,:,25,:,30,0,:,:,35,0,:,20,115,200,:,:,:,395,30,90,0,:,305,15,:,195,10,205,:,185,640,390,:,25,0,0,10,:,420,:,:,340,:,45,0,:,:,:,205,:,130,:,320,445,625,480,5,40,:,:,0,10,45,40,390,55,0,0,:,595,140,0,:,:,:,65,70,50,150,0,90,5,115,615,20,:,0,25,:,170,:,0,245,:,0,:,250,540,185,25,:,10,:,:,85,20,15,195,110,145,235,:,105,75,30,105,0,25,210,360,:,85,20,0,15,555,0,:,:,105,:,:,:,95,10,0,45,5,135,1460,0,215,:,150,5,40,5,:,2465,1420,1170,2250,540,1510,615,3225,2675,15870
,,,,,,,,,,,,,,,,,,,,,,,,,,,,,,,,,,,,,,,,,,,,,,,,,,,,,,,,,,,,,,,,,,,,,,,,,,,,,,,,,,,,,,,,,,,,,,,,,,,,,,,,,,,,,,,,,,,,,,,,,,,,,,,,,,,,,,,,,,,,,,,,,,,,,,,,,,,,,,,,,,,,,,
Notes:,,,,,,,,,,,,,,,,,,,,,,,,,,,,,,,,,,,,,,,,,,,,,,,,,,,,,,,,,,,,,,,,,,,,,,,,,,,,,,,,,,,,,,,,,,,,,,,,,,,,,,,,,,,,,,,,,,,,,,,,,,,,,,,,,,,,,,,,,,,,,,,,,,,,,,,,,,,,,,,,,,,,,,
Data for short and long term support are presented in weeks,,,,,,,,,,,,,,,,,,,,,,,,,,,,,,,,,,,,,,,,,,,,,,,,,,,,,,,,,,,,,,,,,,,,,,,,,,,,,,,,,,,,,,,,,,,,,,,,,,,,,,,,,,,,,,,,,,,,,,,,,,,,,,,,,,,,,,,,,,,,,,,,,,,,,,,,,,,,,,,,,,,,,,
:  represents mandatory data that are unavailable.,,,,,,,,,,,,,,,,,,,,,,,,,,,,,,,,,,,,,,,,,,,,,,,,,,,,,,,,,,,,,,,,,,,,,,,,,,,,,,,,,,,,,,,,,,,,,,,,,,,,,,,,,,,,,,,,,,,,,,,,,,,,,,,,,,,,,,,,,,,,,,,,,,,,,,,,,,,,,,,,,,,,,,
 ,,,,,,,,,,,,,,,,,,,,,,,,,,,,,,,,,,,,,,,,,,,,,,,,,,,,,,,,,,,,,,,,,,,,,,,,,,,,,,,,,,,,,,,,,,,,,,,,,,,,,,,,,,,,,,,,,,,,,,,,,,,,,,,,,,,,,,,,,,,,,,,,,,,,,,,,,,,,,,,,,,,,,,
"Please note: Data quality issues affecting primary support reasons have been reported by some councils, see Appendix B in the report for this publication for further information.",,,,,,,,,,,,,,,,,,,,,,,,,,,,,,,,,,,,,,,,,,,,,,,,,,,,,,,,,,,,,,,,,,,,,,,,,,,,,,,,,,,,,,,,,,,,,,,,,,,,,,,,,,,,,,,,,,,,,,,,,,,,,,,,,,,,,,,,,,,,,,,,,,,,,,,,,,,,,,,,,,,,,,
Notes:,,,,,,,,,,,,,,,,,,,,,,,,,,,,,,,,,,,,,,,,,,,,,,,,,,,,,,,,,,,,,,,,,,,,,,,,,,,,,,,,,,,,,,,,,,,,,,,,,,,,,,,,,,,,,,,,,,,,,,,,,,,,,,,,,,,,,,,,,,,,,,,,,,,,,,,,,,,,,,,,,,,,,,
England and regional averages are based on the number of councils which have supplied data and not entered 0,,,,,,,,,,,,,,,,,,,,,,,,,,,,,,,,,,,,,,,,,,,,,,,,,,,,,,,,,,,,,,,,,,,,,,,,,,,,,,,,,,,,,,,,,,,,,,,,,,,,,,,,,,,,,,,,,,,,,,,,,,,,,,,,,,,,,,,,,,,,,,,,,,,,,,,,,,,,,,,,,,,,,,
"Councils were not required to complete the question ""How many clients in SALT table STS002b are also in receipt of long term care?"" and these client data are rounded to the nearest five",,,,,,,,,,,,,,,,,,,,,,,,,,,,,,,,,,,,,,,,,,,,,,,,,,,,,,,,,,,,,,,,,,,,,,,,,,,,,,,,,,,,,,,,,,,,,,,,,,,,,,,,,,,,,,,,,,,,,,,,,,,,,,,,,,,,,,,,,,,,,,,,,,,,,,,,,,,,,,,,,,,,,,
Home Care data are presented in s,,,,,,,,,,,,,,,,,,,,,,,,,,,,,,,,,,,,,,,,,,,,,,,,,,,,,,,,,,,,,,,,,,,,,,,,,,,,,,,,,,,,,,,,,,,,,,,,,,,,,,,,,,,,,,,,,,,,,,,,,,,,,,,,,,,,,,,,,,,,,,,,,,,,,,,,,,,,,,,,,,,,,,
"England average for hourly home care for in-house provision, based on data from 56 councils.",,,,,,,,,,,,,,,,,,,,,,,,,,,,,,,,,,,,,,,,,,,,,,,,,,,,,,,,,,,,,,,,,,,,,,,,,,,,,,,,,,,,,,,,,,,,,,,,,,,,,,,,,,,,,,,,,,,,,,,,,,,,,,,,,,,,,,,,,,,,,,,,,,,,,,,,,,,,,,,,,,,,,,
"England average for hourly home care for external provision, based on data from 151 councils.",,,,,,,,,,,,,,,,,,,,,,,,,,,,,,,,,,,,,,,,,,,,,,,,,,,,,,,,,,,,,,,,,,,,,,,,,,,,,,,,,,,,,,,,,,,,,,,,,,,,,,,,,,,,,,,,,,,,,,,,,,,,,,,,,,,,,,,,,,,,,,,,,,,,,,,,,,,,,,,,,,,,,,
 ,,,,,,,,,,,,,,,,,,,,,,,,,,,,,,,,,,,,,,,,,,,,,,,,,,,,,,,,,,,,,,,,,,,,,,,,,,,,,,,,,,,,,,,,,,,,,,,,,,,,,,,,,,,,,,,,,,,,,,,,,,,,,,,,,,,,,,,,,,,,,,,,,,,,,,,,,,,,,,,,,,,,,,
