,"Personal Social Services Expenditure and Unit Cost - England and Councils with Adult Social Services Responsibilites tables, 2008-09: Activity Data (Final)",,,,,,,,,,,,,,,,,,,,,,,,,,,,,,,,,,,,,,,,,,,,,,,,,,,,,,,,,,,,,,,,,,,,,,,,,,,,,,,,,,,,,,,,,,,
,,,,,,,,,,,,,,,,,,,,,,,,,,,,,,,,,,,,,,,,,,,,,,,,,,,,,,,,,,,,,,,,,,,,,,,,,,,,,,,,,,,,,,,,,,,,
,,Assessments and services received,,,,,,,Assessments and services received,,,,,,,,,,Assessments and services received,,,,,,,,,,Supported Residents,,,,,,,,,,,,Supported Residents,,,,,,,,,,,,,,,,Supported Residents,,,,,,,,,,,,Home Care/ Home Help,,,,,Day Care/Day Services,,,,,,,,"Direct payments - carers, caring for adults",,,,,Other,,,,,
,,Clients with completed assessments,,,,,,,Receiving services at 31 March 2009,,,,,,,,,,Receiving services at 31 March 2009,,,,,,,,,,Number of weeks* spent in residential and nursing care (both permanent and temporary) excluding full cost paying residents and residents wholly funded under Section 28a,,,,Full cost paying residents*,,,,,,,,,,,,Residents wholly funded under Section 256 [formerly Section 28a],,,,,,,,,,,,Number of weeks supported residents spent in residential and nursing care (both permanent and temporary):,,,,,,,,,,,,"Table 1 line 4 column A (Total hours, LA)","Table 1 line 4 column B (Total hours, Independent sector)",Table 3B (Hhs receiving >10 hours and 6+ visits),Actual hours of home care provided during the year,,Number of day care or day services clients per week on average during the year¹,,,,,,,,Carers receiving direct payments during year (used for NI 130),,,,,"Total number of meals per week, on average during the year:",,Reviews completed between 1 April 2008 and 31 March 2009,,,
,,,,,,,,,,,,,,,,,,,,,,,,,,,,,,,,,Number of weeks spent in LA residential homes (both permanent and temporary placements) by,,,,Number of weeks spent in residential homes provided by others (both permanent and temporary placements) by residents whose full costs are included under expenditure (and income) by,,,,Number of weeks spent in nursing homes (both permanent and temporary placements) by residents whose full costs are included under expenditure (and income) by,,,,Number of weeks spent in LA residential homes (both permanent and temporary placements) by,,,,Number of weeks spent in residential homes provided by others (both permanent and temporary placements) by residents whose full costs are included under expenditure (and income) by,,,,Number of weeks spent in nursing homes (both permanent and temporary placements) by residents whose full costs are included under expenditure (and income) by,,,,residents aged 65 and over in nursing placements,residents aged 65 and over in own provision residential placements,residents aged 65 and over in residential placements provided by others,pd residents aged 18-64 in nursing placements,pd residents aged 18-64 in own provision residential placements,pd residents aged 18-64 in residential placements provided by others,ld residents aged 18-64 in nursing placements,ld residents aged 18-64 in own provision residential placements,ld residents aged 18-64 in residential placements provided by others,mh residents aged 18-64 in nursing placements,mh residents aged 18-64 in own provision residential placements,mh residents aged 18-64 in residential placements provided by others,,,,,,"clients aged 65 and over, own provision","clients aged 65 and over, provision by others","pd clients aged 18-64, own provision","pd clients aged 18-64, provision by others","ld clients aged 18-64, own provision","ld clients aged 18-64, provision by others","mh clients aged 18-64, own provision","mh clients aged 18-64, provision by others",,,,,,,,Older people (aged 65 or over) including older mentally ill,Adults aged under 65 with a physical disability or sensory impairment,Adults aged under 65 with learning disabilities,Adults aged under 65 with mental health needs
,,Table A1 Box 1 (Overall total of existing clients with completed reviews),Table A7 Page 2 sum lines 1-5 col 1 (completed assessments 18-64 pd),Table A7 Page 2 sum lines 1-5 col 2 (completed assessments 18-64 ld),Table A7 Page 2 sum lines 1-5 col 3 (completed assessments 18-64 mh),Table A7 Page 2 sum lines 1-5 col 4 (completed assessments 18-64 sm),Table A7 Page 2 sum lines 1-5 col 5 (completed assessments 18-64 vp),Table A7 Page 1 sum lines 6-10 (completed assessments 65+ totals),Table P2s Page 1 line 1 col 2 (18-64 pd home care),Table P2s Page 1 line 1 col 3 (18-64 pd day care),Table P2s Page 2 line 1 col 1 (18-64 pd direct payments),Table P2s Page 1 line 9 col 2 (18-64 ld home care),Table P2s Page 1 line 9 col 3 (18-64 ld day care),Table P2s Page 2 line 9 col 1 (18-64 ld direct payments),Table P2s Page 1 line 6 col 2 (18-64 mh home care),Table P2s Page 1 line 6 col 3 (18-64 mh day care),Table P2s Page 2 line 6 col 1 (18-64 mh direct payments),Table P2s Page 2 line 11 col 1 (18-64 total direct payments),Table P2s Pages 3 + 5 line 11 col 2 (65+ home care),Table P2s Pages 3 + 5 line 11 col 3 (65+ day care),Table P2s Pages 3 + 5 line 11 col 4 (65+ meals),Table P2s Pages 4 line 11 col 1 (65-74 direct payments),Table P2s Page 7 box 1 (75-84 direct payments),Table P2s Page 7 box 2 (85+ direct payments),Table P2s Pages 1 + 3 + 5 line 11 col 2 (all ages home care),Table P2s Pages 1 + 3 + 5 line 11 col 3 (all ages day care),Table P2s Pages 1 + 3 + 5 line 11 col 4 (all ages meals),Table P2s Pages 2 + 4 + 6 line 11 col 1 (all ages direct payments),Residents aged 65 and over,Residents aged 18 to 64 with ,,,Residents aged 65 and over,Residents aged 18 to 64 with ,,,Residents aged 65 and over,Residents aged 18 to 64 with ,,,Residents aged 65 and over,Residents aged 18 to 64 with ,,,Residents aged 65 and over,Residents aged 18 to 64 with ,,,Residents aged 65 and over,Residents aged 18 to 64 with ,,,Residents aged 65 and over,Residents aged 18 to 64 with ,,,,,,,,,,,,,,,,,, - provided by the Council, - provided by the independent sector,,,,,,,,,  Young carers (aged 16-17),Carers (aged 18-64),Carers (aged 65-74),Carers (aged 75-84),Carers (aged 85 and over),provided by the independent sector,provided by LA,,,,
,,,,,,,,,,,,,,,,,,,,,,,,,,,,,,a Physical or Sensory Disability,a Learning Disability,Mental Health Needs,,a Physical or Sensory Disability,a Learning Disability,Mental Health Needs,,a Physical or Sensory Disability,a Learning Disability,Mental Health Needs,,a Physical or Sensory Disability,a Learning Disability,Mental Health Needs,,a Physical or Sensory Disability,a Learning Disability,Mental Health Needs,,a Physical or Sensory Disability,a Learning Disability,Mental Health Needs,,a Physical or Sensory Disability,a Learning Disability,Mental Health Needs,,,,,,,,,,,,,,,,,,,,,,,,,,,,,,,,,,,,
,,A1,A1.2,A1.3,A1.4,A1.5,A1.6,A1.7,A2.1,A2.2,A2.3,A2.4,A2.5,A2.6,A2.7,A2.8,A2.9,A2.10,A2.11,A2.12,A2.13,A2.14,A2.15,A2.16,A2.17,A2.18,A2.19,A2.20,C1,C4,C5,C6,C7.1,C7.2,C7.3,C7.4,C8.1,C8.2,C8.3,C8.4,C9.1,C9.2,C9.3,C9.4,C10.1,C10.2,C10.3,C10.4,C11.1,C11.2,C11.3,C11.4,C12.1,C12.2,C12.3,C12.4,D1.1,D1.2,D1.3,D1.4,D1.5,D1.6,D1.7,D1.8,D1.9,D1.10,D1.11,D1.12,F1.1,F1.2,F1.3,F2.1,F2.2,G1.1,G1.2,G1.3,G1.4,G1.5,G1.6,G1.7,G1.8,H3.1,H3.2,H3.3,H3.4,H3.5,J1.1,J1.2,J2.1,J2.2,J2.3,J2.4
204,Barnsley,"8,130",215,45,980,555,20,"1,505",150,75,95,60,210,65,305,165,25,185,"1,405",435,0,40,70,35,"1,925",885,0,330,"54,125","1,540","3,630","2,940",0,0,0,0,0,0,0,0,0,0,0,0,0,0,0,0,0,0,0,0,0,0,0,0,"8,880","1,920","43,325",720,0,815,305,0,"3,325",155,0,"2,780","7,945","15,040",605,"413,140","782,080",325,150,35,5,205,-,165,0,0,0,0,0,0,0,0,"8,190",980,565,205
406,Birmingham,"19,305","3,070",280,"1,735",135,270,"11,740",510,300,375,405,960,170,75,145,25,575,"4,820","1,085",795,150,215,120,"5,840","2,505",840,"1,060","183,370","11,765","40,900","11,890","5,785",50,0,0,"7,525",70,930,105,"5,860",105,0,0,0,0,0,0,0,0,0,0,0,0,0,0,"71,230","34,585","77,560","4,940",495,"6,330","1,820","3,735","35,345","3,375",115,"8,400","16,375","70,100","2,360","877,550","3,645,150",725,200,130,110,700,120,255,5,-,"1,835",415,235,40,0,"6,060","10,610","2,040","1,790","1,420"
304,Bolton,"9,350",865,65,535,55,15,"3,580",190,55,155,175,155,95,155,85,30,285,"1,660",365,780,60,45,25,"2,190",655,830,415,"43,460","1,280","1,635","2,095",270,0,0,0,425,0,0,0,95,0,0,0,0,0,0,0,0,0,0,0,0,0,0,0,"8,845","5,785","28,830",395,25,860,215,270,"1,150",890,160,"1,050","10,635","11,935",510,..,..,75,50,20,0,125,20,0,85,0,150,40,25,-,675,"3,410","5,105",730,595,"1,285"
209,Bradford,"11,310",745,90,600,5,65,"3,860",260,155,130,455,"1,160",125,10,"1,215",20,280,"2,600","1,030",915,45,40,25,"3,355","3,580",965,390,"98,330","5,445","10,635","6,430",95,0,0,0,"7,660",145,0,50,"2,275",0,155,0,0,0,0,0,0,0,0,0,0,0,0,0,"29,830","21,305","47,195","2,880",260,"2,305","4,055","4,355","2,225","2,790",150,"3,485","11,625","18,800",940,..,..,905,530,185,0,700,475,235,25,0,-,0,-,-,0,"5,610","8,535","1,200",905,630
305,Bury,"3,955",410,70,345,-,120,"3,075",125,85,95,155,170,25,50,40,5,125,905,430,325,15,15,10,"1,245",735,350,165,"36,715","1,690","3,315","3,575",660,0,0,0,0,0,0,0,0,0,0,0,0,0,0,0,0,0,0,0,0,0,0,0,"8,205","4,575","23,935",720,45,925,200,40,"3,075",605,0,"2,970","8,165","18,890",385,"424,000","982,200",490,180,30,10,185,30,265,0,0,115,20,20,-,0,"1,785","3,780",285,345,515
210,Calderdale,"5,405",345,60,10,5,25,"1,850",145,80,105,20,160,50,20,10,5,160,"1,195",520,305,25,35,20,"1,390",775,340,245,"39,105","1,375","5,950",830,190,0,0,0,"1,750",-,50,0,135,0,0,0,0,0,0,0,0,0,0,0,0,0,0,0,"11,900","1,800","25,405",870,0,505,"1,410",0,"4,540",395,0,435,"5,855","9,130",395,"279,715","508,025",240,185,-,70,145,105,195,0,0,-,-,0,0,"1,255",0,"2,215",130,355,10
407,Coventry,"6,045",455,40,60,0,0,"2,055",205,0,160,235,275,70,80,85,15,245,"1,875",315,495,45,40,60,"2,390",675,515,390,"50,840","1,070","8,510","1,490",0,0,0,0,0,0,0,0,0,0,0,0,0,0,0,0,0,0,0,0,0,0,0,0,"12,140","4,625","34,075",365,0,705,915,560,"7,030",390,0,"1,100","6,355","35,205",685,..,..,255,125,0,0,255,20,90,0,0,80,25,15,10,0,"1,905","3,920",690,575,860
205,Doncaster,"5,860",230,50,10,0,10,"1,585",190,105,160,225,385,20,40,45,55,235,"1,585",545,0,25,35,25,"2,045","1,090",0,315,"58,865","3,160","7,385",645,"2,370",65,50,0,"6,870",110,0,50,"2,770",110,0,-,"3,015",0,0,0,0,0,0,0,0,0,0,0,"14,125","11,410","33,330","1,460",855,845,205,"2,290","4,895",215,0,430,"5,555","31,825",705,"249,225","884,145",465,200,95,30,400,35,-,45,0,0,0,0,0,0,0,"4,815",635,315,60
408,Dudley,"9,495",680,35,120,0,110,"3,245",165,65,175,115,445,65,25,..,15,260,"1,700",395,155,75,125,105,"2,005",920,165,570,"58,080","2,575","11,770","3,465","1,250",0,0,0,0,0,0,0,0,0,0,0,0,0,0,0,310,0,"2,860",0,0,0,0,0,"9,840","9,195","39,045","1,155",0,"1,415",310,0,"11,460","1,510",0,"1,960","9,525","9,740",645,"423,760","471,475",365,80,55,5,510,80,..,..,0,305,35,10,-,0,"1,625","7,365","1,280",520,255
106,Gateshead,"5,485",645,40,135,30,95,"2,665",150,30,110,140,130,45,85,55,20,185,"1,490",150,470,25,20,15,"1,875",475,500,240,"54,730","2,445","5,020","1,540",0,0,0,0,0,0,0,0,0,0,0,0,0,0,0,0,940,0,"2,955",0,0,0,0,0,"15,675","4,470","34,585",640,35,"1,770",105,30,"4,885",0,0,"1,540","6,780","8,620",540,"352,560","448,240",95,75,35,-,195,15,55,0,0,15,-,-,0,0,"1,925","4,030",735,345,305
211,Kirklees,"14,345",560,75,665,-,5,"3,515",430,110,125,300,400,120,155,795,20,265,"1,990",755,25,30,35,35,"2,885","2,060",30,365,"68,340","3,500","12,985","2,675",845,0,0,0,"7,880",55,325,25,"1,705",0,0,50,0,0,0,0,0,0,0,0,0,0,0,0,"19,520","4,865","43,955","1,240",0,"2,260","1,980",0,"11,005",525,0,"2,150","7,870","13,100",535,"403,665","716,735",465,715,30,95,245,190,245,"1,105",0,330,115,80,25,60,135,"9,175","1,735","1,265","2,170"
315,Knowsley,"3,870",450,55,65,80,-,"1,995",165,35,95,225,305,85,80,0,-,185,"1,015",250,145,30,80,35,"1,490",705,160,330,"38,070","2,635","4,100","3,380",0,0,0,0,0,0,0,0,0,0,0,0,0,0,0,0,0,0,0,0,0,0,0,0,"13,895",0,"24,175","1,100",0,"1,535",395,520,"3,190","1,145",0,"2,235","4,160","17,995",525,"216,215","935,790",215,135,40,10,225,60,0,0,0,40,-,-,0,0,695,"2,765",540,345,150
212,Leeds,"13,155","1,890",80,80,15,95,"6,280",375,305,265,490,755,70,75,185,35,385,"3,470","1,740","1,085",105,210,230,"4,415","3,000","1,175",935,"140,385","6,655","15,935","7,440",0,0,0,0,0,0,0,0,0,0,0,0,0,0,0,0,0,0,0,0,0,0,0,0,"53,910","26,175","60,305","3,705",300,"2,650",810,620,"14,505","3,955",125,"3,360","22,295","20,775","1,300","1,162,475","1,083,165","1,680",145,305,10,805,15,195,10,0,10,-,-,-,0,0,"9,650","1,275","1,320",805
316,Liverpool,"11,525","1,240",160,365,160,60,"5,635",505,60,195,130,910,110,50,305,50,355,"2,050",430,105,55,60,65,"2,735","1,710",120,535,"97,165","9,095","8,965","10,650",0,0,0,0,0,0,0,0,0,0,0,0,50,0,5,0,"3,010",195,20,45,"1,470",130,0,35,"32,155","2,945","62,065","1,465",0,"7,630","1,185",775,"7,005","6,415",0,"4,235","6,935","45,485","1,035","360,670","2,365,325",270,70,70,90,460,150,310,245,0,160,25,30,30,865,0,"8,125","1,795",845,590
306,Manchester,"6,920",660,105,0,435,0,"1,665",380,85,225,325,360,110,520,155,20,370,"2,130",510,"1,120",75,80,60,"3,395","1,115","1,350",585,"78,460","2,910","6,500","8,890",0,0,0,0,0,0,0,0,0,0,0,0,0,0,0,0,0,0,0,0,0,0,0,0,"23,875",365,"54,225","1,455",0,"1,455",415,830,"5,250","2,390",0,"6,500","10,685","59,015","1,420","555,620","3,068,885",305,220,50,40,350,40,0,155,35,745,110,60,15,"3,990","2,770","7,305","1,435",945,"3,310"
107,Newcastle upon Tyne,"7,005",770,25,530,125,65,"3,430",330,70,200,445,245,100,130,55,20,325,"2,080",550,235,50,45,35,"2,985",915,235,455,"67,040","2,855","3,865","5,240",0,0,0,0,0,0,0,0,0,0,0,0,0,0,0,0,0,0,585,495,0,0,0,700,"22,455","3,110","41,475","1,555",0,"1,305",340,315,"3,205","2,815","1,635",785,"5,135","39,570",975,"272,625","1,954,945",80,670,10,75,190,25,10,45,0,70,0,0,0,0,"1,345",..,..,..,..
108,North Tyneside,"5,655",460,25,135,25,-,"2,180",145,45,85,20,220,35,5,130,15,135,"1,205",345,350,30,40,45,"1,375",740,370,250,"54,755","1,850","8,545","1,980",0,0,0,0,0,0,0,0,0,0,0,0,0,0,0,0,0,0,"3,230","1,685",0,0,85,0,"20,160","2,180","32,415",480,0,"1,370",195,"1,150","7,205",140,0,"1,840","3,105","5,885",270,"161,565","306,070",55,310,15,30,110,130,35,95,5,10,-,-,-,0,"4,640","4,220",530,425,460
307,Oldham,"6,150",725,30,650,0,10,"2,495",240,0,55,145,110,20,50,165,10,90,"1,425",350,0,15,5,10,"1,865",670,0,120,"57,915","1,290","1,270","2,060",540,0,0,0,"2,055",0,0,0,560,0,0,0,"1,345",0,0,0,60,50,0,0,470,0,0,0,"12,760","6,330","38,825",640,75,570,415,0,855,660,-,"1,395","18,765","12,640",830,"975,675","657,330",250,630,0,0,60,15,225,0,0,0,0,0,0,0,0,"3,835",990,300,985
308,Rochdale,"5,465",500,65,135,-,10,"2,010",170,25,115,45,195,35,30,210,10,160,"1,260",255,315,45,25,20,"1,505",685,350,250,"46,380","3,315","4,750","2,610",0,0,0,0,0,0,0,0,0,0,0,0,0,0,0,0,0,0,0,0,0,0,0,0,"9,050","2,715","34,615","2,280",0,"1,035",0,250,"4,500",625,0,"1,985","2,555","13,465",505,"132,810","700,230",205,10,35,0,355,80,110,35,0,35,5,5,-,"1,595",0,"3,640",755,330,790
206,Rotherham,"5,820",245,50,265,-,0,"1,590",210,55,145,115,265,75,50,50,50,275,"1,655",335,495,35,40,30,"2,035",705,525,375,"58,420","2,365","8,580","2,340",730,0,0,0,"3,690",50,0,0,"1,510",25,0,0,"1,015",0,0,0,440,0,0,0,0,0,0,0,"16,535","5,435","36,450","1,455",80,830,"1,950","1,665","4,965",545,0,"1,795","9,990","11,735",610,"519,420","610,315",320,55,0,40,310,10,145,125,0,185,50,20,10,0,"3,355","3,795",495,595,915
309,Salford,"6,975",270,20,40,10,40,"1,560",195,40,125,355,335,65,310,15,20,215,"1,615",340,325,65,75,55,"2,490",730,360,405,"43,640","2,935","5,180","3,800",125,0,0,0,"7,400",100,0,105,"2,505",105,0,0,0,0,0,0,0,0,0,0,0,0,0,0,"12,130","1,375","30,135",890,0,"2,045",700,640,"3,845",455,0,"3,340","8,280","29,425",680,"430,455","1,530,100",265,70,25,15,305,30,15,-,0,0,0,0,0,800,535,"5,075",985,410,445
409,Sandwell,"9,335","1,055",10,770,-,25,"3,995",205,55,130,220,335,35,40,125,25,205,"1,940",460,420,35,50,40,"2,405",975,445,325,"66,115","2,280","9,920","3,300",410,0,0,0,0,0,0,0,0,0,0,0,0,0,0,0,0,0,0,0,0,0,0,0,"25,495","6,110","34,510","1,265",0,"1,015","2,265",480,"7,175",520,0,"2,780","1,700","28,210",765,..,..,385,255,45,30,185,295,30,95,20,340,90,30,25,720,"1,675","8,310","1,615",840,620
317,Sefton,"8,300",425,15,45,-,55,"1,945",150,110,125,220,295,75,90,20,15,220,"1,035",580,490,30,45,40,"1,505","1,010",515,335,"80,285","6,585","7,820","5,295",0,0,0,0,0,0,0,0,0,0,0,0,0,0,0,0,0,0,0,0,0,0,0,0,"32,030",0,"48,260","3,880",0,"2,705",925,0,"6,895","2,805",0,"2,495",0,"37,385",720,0,"1,934,120",0,475,0,115,0,270,0,10,0,75,20,10,-,"3,585",0,"9,000","1,330",680,660
207,Sheffield,"13,630",610,75,"1,390",-,20,"4,625",395,115,335,410,445,215,110,685,15,565,"3,750",875,0,100,100,85,"4,675","2,120",0,850,"118,030","4,875","17,075","6,255",-,0,0,0,365,0,0,0,170,0,0,0,0,0,0,0,0,0,0,0,0,0,0,0,"40,330","2,550","75,150","3,190",0,"1,685","2,995",0,"14,075",910,0,"5,345","13,555","43,155","1,835","709,030","1,642,200",190,590,180,10,430,95,0,720,0,30,15,5,-,0,0,"10,025","1,520",820,"2,220"
410,Solihull,"5,405",240,15,55,-,15,"1,660",105,50,80,75,155,50,45,170,-,135,"1,060",445,0,25,45,35,"1,285",825,0,240,"30,080","1,325","9,145","1,070",250,0,0,0,860,0,0,0,180,0,0,0,0,0,0,0,0,0,50,0,0,0,50,0,"11,285","1,445","17,345",540,20,765,245,955,"7,945",305,0,760,"1,835","10,715",440,"77,165","536,200",365,360,190,40,"1,945",140,0,5,0,120,65,60,15,0,0,"6,735",535,520,135
109,South Tyneside,"5,105",220,20,120,-,30,"1,175",130,60,100,140,230,25,20,-,15,140,"1,270",315,55,30,20,15,"1,570",605,60,210,"39,005","1,915","3,500","3,200",725,0,0,0,270,40,0,0,75,0,0,0,0,0,0,0,470,0,"1,605",0,0,0,0,0,"10,980",595,"27,430","1,040",0,875,"1,080",0,"2,420",665,0,"2,535","3,010","11,145",530,"156,900","581,080",..,..,..,..,..,..,..,..,0,-,5,0,0,180,130,"7,815","1,105",515,260
318,St. Helens,"7,265",520,25,55,-,15,"1,715",125,55,110,55,170,65,20,90,-,180,"1,130",250,350,45,75,65,"1,340",570,365,370,"37,150","2,125","1,790","1,700",255,0,0,0,-,0,0,0,-,0,0,0,0,0,0,0,0,0,0,0,0,0,0,0,"15,380","3,900","17,870",810,0,"1,315",175,0,"1,615",875,0,825,"1,835","12,540",430,"67,035","588,460",200,10,40,0,140,25,..,0,0,-,-,-,0,0,"1,820","2,280","1,010",210,335
310,Stockport,"7,635",425,30,735,-,10,"2,765",150,50,90,310,260,65,205,220,20,185,"1,405",135,540,15,20,15,"1,875",445,565,230,"54,260","2,230","4,570","1,790",0,0,0,0,"1,940",-,0,-,485,15,0,0,0,0,0,0,0,0,0,0,0,0,0,0,"12,470",0,"41,790","1,210",0,"1,020",50,520,"4,000",350,0,"1,435","13,475","10,530",630,"700,750","547,455",125,155,25,20,60,245,0,145,0,55,20,15,5,0,"2,245","8,190",920,895,"1,245"
110,Sunderland,"8,835","1,040",70,115,150,-,"4,105",195,20,120,150,270,100,25,90,15,235,"1,570",240,440,70,120,105,"1,940",615,480,530,"64,160","2,365","4,695","1,625",0,15,0,0,"1,230",0,0,0,205,50,0,0,135,50,"1,030",0,990,50,"2,960",0,50,0,0,0,"15,765","3,065","45,330","1,300",270,795,240,"1,230","3,230",805,120,700,"5,525","12,275",555,"191,150","633,625",40,235,55,5,245,25,105,-,0,5,10,-,-,0,"2,195","13,870","2,420","1,180","1,055"
311,Tameside,"8,365","1,105",15,500,0,0,"3,005",180,65,65,215,240,50,"1,450",50,15,130,"1,805",295,395,30,15,10,"3,650",655,420,185,"47,900","2,300","1,680","2,160",0,0,0,0,"6,450",0,145,-,"2,105",-,0,0,0,0,0,0,0,0,0,0,0,0,0,0,"14,070",0,"33,835","1,490",0,810,205,0,"1,475",555,0,"1,605","10,810","15,615",655,"562,030","811,965",0,205,50,-,215,25,75,15,0,25,10,-,0,"2,380",540,"5,405",860,460,"1,640"
312,Trafford,"6,565",615,70,275,0,440,"2,625",120,50,75,45,165,100,20,0,15,190,810,305,135,45,45,40,995,540,145,320,"38,605","1,305","4,440","2,020","1,145",0,0,0,0,0,0,0,0,0,0,0,0,0,0,0,0,0,0,0,0,0,0,0,"14,360","6,330","17,915",0,0,"1,305",0,0,"4,440",0,0,"2,020","3,680","7,175",410,"178,380","358,860",135,90,40,0,60,40,0,0,-,290,95,50,10,915,0,"4,445",655,410,650
213,Wakefield,"7,510",535,80,65,-,0,"2,895",175,40,155,280,370,50,20,100,10,215,"1,910",410,490,45,75,70,"2,385",920,520,400,"65,605","3,245","11,875","2,325",0,0,0,0,0,0,0,0,0,0,0,0,0,0,0,0,0,0,0,0,0,0,0,0,"14,610","4,410","46,590",735,0,"2,510",0,280,"11,595",210,0,"2,120","10,970","19,245",825,"570,545","1,000,740",340,55,-,35,330,45,100,0,0,10,-,-,0,"1,750",0,"5,405",810,775,520
411,Walsall,"7,050",570,20,60,-,20,"2,985",140,140,65,165,255,45,15,15,5,115,"1,700",555,490,55,75,75,"2,060",910,555,320,"56,345","2,770","11,885","4,755",0,0,0,0,0,0,0,0,0,0,0,0,0,0,0,0,0,0,0,0,0,0,0,0,"21,665",..,"34,680","1,170",720,880,435,"1,195","10,250","1,945",235,"2,570","2,020","14,655",610,"80,505","757,335",..,"2,275",140,0,"2,200",270,170,285,0,115,25,20,10,"1,895",0,"5,610",615,"1,440","1,045"
313,Wigan,"7,240",740,40,580,-,-,"2,725",180,85,165,280,370,100,50,265,25,290,"1,030",435,475,45,45,30,"1,745","1,155",525,410,"56,350","2,895","3,075","3,085",395,0,0,0,365,0,0,0,70,0,0,0,0,0,0,0,0,0,0,0,0,0,0,0,"15,750","1,055","39,545","1,340",0,"1,555",175,"1,405","1,495","1,125",35,"1,925","6,990","27,040",615,..,..,430,15,85,5,285,130,55,210,0,305,90,45,-,"6,165",0,"8,040","1,400",710,"1,360"
319,Wirral,"6,690",740,65,480,-,70,"3,595",235,70,115,200,275,45,150,240,15,180,"1,395",165,415,35,35,25,"1,995",765,445,270,"69,935","4,660","8,520","5,810",60,0,0,0,"3,545",50,0,-,"4,310",235,0,0,0,0,0,0,80,0,305,115,"4,895",440,190,245,"31,215","2,515","36,205","1,430",950,"2,280",375,"1,695","6,445",150,425,"5,230","3,790","24,635",835,..,..,105,180,140,10,415,45,190,135,0,40,-,-,10,"2,445",0,"8,580","1,010",475,"1,255"
412,Wolverhampton,"5,850",360,50,180,10,25,"2,370",180,130,120,145,270,45,100,240,15,185,"1,540",985,795,35,65,50,"1,965","1,630",860,335,"48,820","2,295","6,285","3,995","1,455",0,0,0,"6,650",50,0,0,"1,990",75,0,50,20,0,0,0,505,15,"1,530",10,160,0,95,0,"11,860","9,585","27,375","1,155",275,865,"1,405","1,780","3,095","3,050",-,940,"1,380","12,685",515,"71,810","804,170",470,585,105,40,255,40,200,25,0,260,65,30,-,"1,735","2,935","6,925",890,360,435
610,Bedfordshire,"9,025",510,10,715,25,80,"3,100",220,115,205,160,495,30,30,165,30,265,"1,335",755,190,65,110,105,"1,750","1,540",200,545,"61,050","3,225","12,065",625,0,0,0,0,0,0,0,0,0,0,0,0,0,0,0,0,0,0,"1,830",0,0,0,65,0,"13,520",0,"47,530","2,030",0,"1,195",155,"1,250","10,660",135,0,490,"1,395","18,830",655,..,..,490,220,10,30,385,205,115,30,0,125,85,85,70,885,0,"14,980","2,235","1,095","1,445"
612,Buckinghamshire,"13,145",515,105,690,10,10,"3,910",265,55,165,315,340,70,80,275,120,360,"2,100",625,610,70,45,45,"2,760","1,290",630,515,"63,980","4,740","16,640","4,395",0,0,0,0,0,0,0,0,0,0,0,0,0,0,0,0,155,50,"2,190",0,50,0,0,0,"27,000",0,"36,980","1,535",0,"3,205",470,530,"15,645",905,0,"3,495","4,340","29,805",710,..,..,365,315,10,55,490,30,150,230,..,375,115,90,10,"3,545",0,"15,980","1,725","1,080","1,490"
623,Cambridgeshire,"10,460",870,90,85,-,25,"4,010",365,135,210,470,510,95,235,555,15,320,"3,135",855,165,70,55,65,"4,205","2,055",185,510,"84,655","5,235","25,140","3,800",0,..,..,..,"1,470",..,..,..,395,..,..,..,..,..,..,..,..,..,..,..,..,..,..,..,"26,255",50,"58,350",55,..,"5,175","1,135","2,085","21,920",725,..,"3,070",820,"36,195","1,500","42,745","1,882,190",500,"1,155",40,190,905,485,130,800,0,635,235,220,95,"1,320",0,"6,945","1,660","1,180",650
320,Cheshire,"11,820",670,135,655,-,30,"6,075",255,65,330,575,605,140,425,500,220,695,"3,180",760,800,130,160,175,"4,435","1,935",830,"1,160","139,430","5,010","14,965","6,010",0,0,0,0,0,0,0,0,0,0,0,0,0,0,0,0,0,0,0,0,0,0,0,0,"65,140","10,065","64,225","3,020",325,"1,665","1,800","2,135","11,030","1,935",50,"4,025","30,520","30,200","1,255",..,..,"1,075",40,100,15,625,95,545,15,0,115,25,15,-,"4,545",0,"13,170","1,550",915,"1,860"
902,Cornwall,"17,185","2,060",185,70,20,35,"9,970",345,120,110,280,720,70,35,55,0,180,"2,550",620,120,20,15,10,"3,205","1,515",130,225,"114,870","3,170","32,435","3,955",0,0,0,0,0,0,0,0,0,0,0,0,0,0,0,0,"1,280",685,0,450,"4,660",580,105,180,"34,580",0,"80,290","1,810",460,900,"1,800","1,225","29,410",205,0,"3,750","5,980","26,770",865,..,..,40,545,50,55,385,325,0,30,..,-,-,..,..,305,0,..,..,..,..
102,Cumbria,"15,140",925,25,60,65,0,"4,920",375,160,255,445,720,120,130,265,70,445,"2,850","1,270",975,80,95,90,"3,800","2,420","1,030",710,"105,250","3,590","10,165","2,470","16,535",0,0,50,"14,740",130,80,50,"9,360",105,0,25,0,0,0,0,235,0,0,"1,170",0,0,0,25,"29,660","31,085","44,500","2,120",80,"1,395","1,265","1,665","7,235",350,45,"2,075","15,265","34,615","1,180","793,675","1,799,930",770,725,0,485,685,135,280,220,0,0,0,0,0,215,"3,245","24,700","3,490",940,55
506,Derbyshire,"22,815","1,255",115,65,10,35,"7,135","1,045",280,395,525,750,130,210,70,30,575,"8,425","1,685","4,130",125,120,105,"10,235","2,795","4,430",925,"141,260","4,330","29,305","5,120","9,495",0,0,0,"6,065",160,45,50,"2,945",110,0,5,400,..,"1,750",0,655,0,60,0,"1,825",370,695,455,"42,405","28,055","70,795","2,620",..,"1,715","6,870","1,940","20,500","2,345",0,"2,775","32,925","57,790","1,830","1,721,410","2,301,405","1,875",335,..,425,420,270,0,80,0,-,-,0,-,"13,950",0,"18,980","2,480","1,150",140
912,Devon,"20,060","1,770",165,"5,555",15,25,"13,275",480,400,285,100,840,170,65,"1,135",30,490,"3,905","1,645","1,500",85,155,210,"4,560","4,020","1,560",945,"193,480","7,165","44,180","12,160","1,900",0,0,0,"14,760",215,55,75,"1,255",105,0,0,-,0,0,0,0,0,0,0,0,0,0,0,"44,475","25,495","123,510","2,600",175,"4,385","1,780","1,220","41,180","1,045",0,"11,115","6,085","20,625","1,060","325,700","1,393,240",905,640,90,250,520,575,310,825,0,0,0,0,0,"8,440",0,"16,055","1,715","1,885",110
809,Dorset,"9,405",880,75,925,105,20,"5,880",155,195,300,60,330,130,20,35,135,560,"1,305",850,235,65,65,80,"1,545","1,410",245,775,"70,965","2,300","10,180","1,405","1,380",0,0,0,"2,995",0,0,0,935,0,0,0,0,0,0,0,0,0,105,0,0,0,50,0,"18,140","14,780","38,045","1,010",10,"1,280",495,"2,100","7,585",215,0,"1,190","4,110","8,165",375,"225,160","405,115",755,65,135,30,460,80,85,-,0,10,0,-,-,805,0,"14,175","2,450","1,150",510
116,Durham,"14,740",775,35,610,150,-,"3,475",495,280,200,120,820,245,65,250,35,485,"3,985","1,490",0,55,55,30,"4,675","2,845",0,620,"139,350","6,795","18,065","5,215","1,915",0,0,0,370,-,0,0,155,0,0,0,0,0,0,0,0,0,0,0,0,0,0,0,"29,465","13,015","96,870","2,310",0,"4,480",570,645,"16,850","1,300",0,"3,915","7,885","39,965","2,065","349,555","2,609,320",235,960,585,50,560,470,160,240,0,65,10,10,-,0,0,"17,455","2,380","1,880",875
815,East Sussex,"16,090","1,040",40,515,30,50,"6,525",355,165,360,40,405,90,70,45,90,550,"2,170",780,930,80,130,195,"2,645","1,405","1,010",955,"133,370","6,995","27,220","8,645",0,0,0,0,0,0,0,0,0,0,0,0,0,0,0,0,0,0,0,0,0,0,0,0,"50,110","8,705","74,560","2,400",0,"4,595",660,"2,855","23,705","1,205",0,"7,440","4,295","27,550","1,110","84,100","1,228,215",740,100,0,145,370,170,20,25,-,925,360,325,100,"4,620",0,"10,605","2,405",915,905
620,Essex,"35,185","1,890",185,"6,800",-,-,"12,345",835,..,845,"1,285",..,370,60,..,115,"1,325","7,280",..,"2,355",190,230,290,"9,455",..,"2,475","2,040","223,655","9,225","41,795","12,405",0,0,0,0,"35,645",395,260,660,"6,185",135,-,80,0,0,0,0,"1,615",0,"4,895",0,0,0,0,0,"34,160",180,"189,320","2,900",145,"6,185",180,"4,910","36,705","1,120",0,"11,285","2,330","144,295","2,380","142,450","7,503,445",..,..,..,..,..,..,..,..,0,325,170,135,50,"14,460",0,"22,220","3,635","2,550","6,775"
904,Gloucestershire,"18,940","1,360",125,230,20,270,"7,740",350,235,240,405,635,55,75,170,5,300,"2,650",590,705,70,80,85,"3,490","1,635",750,535,"111,620","6,825","26,065","2,750",0,0,0,0,0,0,0,0,0,0,0,0,0,0,0,0,0,0,0,0,0,0,0,0,"44,890","3,630","63,100","1,945","1,155","3,725",540,"1,070","24,450",420,130,"2,195","4,230","41,320",775,"200,520","2,398,230",295,360,135,95,600,60,30,150,10,25,10,5,5,"3,265",0,"32,290","4,755","1,960","2,350"
812,Hampshire,"78,395","1,720",100,"3,925",30,95,"13,980","1,135",330,470,"1,525","1,240",235,295,310,20,725,"5,780","1,630",..,90,95,385,"10,660","3,525",..,"1,290","211,365","13,870","47,020","6,500",495,0,0,0,"7,365",0,0,130,"6,000",50,0,30,0,0,120,0,635,120,"7,540",0,100,0,235,-,"91,085","34,870","85,415","4,315",665,"8,890","1,075","4,920","41,030",930,5,"5,565","3,535","91,590","2,025","154,650","4,570,680",795,"1,635",170,220,825,585,155,260,0,40,0,0,0,..,..,"57,065","12,250","2,700","5,935"
606,Hertfordshire,"22,685","2,185",150,55,15,25,"11,975",755,260,425,"1,290","1,415",155,135,695,160,745,"5,830","1,555",290,95,95,105,"8,005","3,930",295,"1,040","191,900","11,680","48,010","5,820",0,0,0,0,0,0,0,0,0,0,0,0,0,0,0,0,"1,505",0,0,"1,730",365,0,0,260,"52,725",0,"139,175","5,990",0,"5,690","3,215",0,"44,795","1,515",0,"4,305","26,780","48,130","1,720","1,392,560","2,502,655",605,"1,075",175,55,"1,070",495,860,40,0,385,125,160,160,"1,195",0,"15,415","2,315","2,220","2,705"
906,Isles of Scilly,50,-,0,0,0,-,25,0,0,0,0,0,0,0,0,0,0,15,0,10,0,0,0,15,0,10,0,305,50,0,50,300,0,0,0,0,0,0,0,0,0,0,0,0,0,0,0,0,0,0,0,0,0,0,0,0,250,55,0,0,50,0,0,0,0,50,0,50,0,-,"1,770",0,0,0,0,0,0,0,0,0,0,-,0,-,-,45,50,50,-,-,-
820,Kent,"35,470","5,625",205,400,30,45,"23,275","1,140",345,700,625,"1,100",485,"1,290",30,140,"1,320","8,470","1,290","1,545",200,275,325,"11,535","2,775","1,655","2,115","269,435","14,930","70,980","13,935",0,0,0,0,0,0,0,0,0,0,0,0,0,0,0,0,0,0,0,0,0,0,0,0,"78,205","20,305","170,920",0,0,"14,930",0,"1,870","69,110",0,0,"13,935","7,870","67,585","2,555","241,025","3,444,825",845,620,65,295,790,510,5,10,0,0,0,0,0,"9,475",0,"29,575","2,575","2,645","8,565"
323,Lancashire,"29,695","1,145",205,950,450,145,"8,800","1,325",380,490,"1,230","1,015",335,415,325,145,975,"7,535","2,350","1,610",130,105,60,"10,600","4,090","1,785","1,265","257,255","12,540","19,275","13,985",0,0,0,0,0,0,0,0,0,0,0,0,0,0,0,0,0,0,0,0,0,0,0,0,"50,775","25,780","180,700","4,760",395,"7,385",685,"1,080","17,510","4,590",55,"9,340","8,540","189,685","4,040","439,580","10,121,925",800,"1,490",40,315,295,710,195,150,0,360,120,115,65,"8,580",185,"34,860","5,710","2,095","3,480"
508,Leicestershire,"14,020",805,80,195,10,15,"4,410",420,185,330,225,565,125,110,490,70,525,"4,280","1,295",915,125,180,175,"5,045","2,540",970,"1,010","98,530","3,390","22,795","4,315","4,020",0,-,65,"9,020",50,470,55,"1,525",15,15,0,0,0,0,0,0,0,0,0,0,0,0,0,"17,710","14,875","65,945",930,0,"2,455",250,"1,910","20,635",220,755,"3,340","3,710","39,495","1,470","192,870","2,053,845",625,715,85,100,595,215,355,225,0,25,10,-,-,"5,155",0,"10,990","1,695",925,430
503,Lincolnshire,"16,820","1,140",40,250,0,90,"8,055",460,225,335,530,530,180,80,135,55,580,"3,865",870,225,85,90,85,"4,945","1,750",245,840,"174,495","8,500","23,630","8,155",0,0,0,0,0,0,0,0,0,0,0,0,0,0,0,0,0,0,0,0,0,0,0,0,"44,460","7,835","122,200","3,950",0,"4,550","5,285",0,"18,345","1,690",0,"6,465","12,750","49,030","1,115",..,..,355,210,195,35,605,665,..,..,0,420,160,205,135,..,..,"21,865","2,600","2,000","2,595"
607,Norfolk,"28,750","2,185",45,180,15,0,"8,980",645,370,460,525,"1,110",195,235,375,170,830,"4,770","2,375","1,265",140,115,110,"6,180","4,245","1,330","1,195","207,585","10,670","20,145","28,000",625,-,0,0,"5,045",40,60,-,"1,365",35,0,105,..,..,..,..,..,..,..,..,..,..,..,..,"38,120","37,425","132,040","3,145",870,"6,655",595,"3,255","16,300","2,315",0,"25,690","20,980","44,460","1,505","591,625","1,902,800",310,"2,285",10,420,365,920,0,415,-,245,80,25,10,"2,650",0,"19,250","3,035","1,885","1,080"
218,North Yorkshire,"18,600",885,65,255,5,-,"5,455",620,160,555,600,780,190,165,560,65,815,"5,205","1,585","1,075",505,900,875,"6,595","3,080","1,115","3,090","127,050","4,545","19,160","3,770","2,645",0,10,0,550,0,50,0,-,0,0,0,0,0,0,0,140,0,-,0,135,0,0,0,"46,460","25,520","55,070","2,235",0,"2,310",990,655,"17,520",740,0,"3,030","13,260","39,870","1,320","689,625","2,073,135",..,..,..,..,..,..,..,..,0,0,0,0,0,"2,180","2,690","21,620","2,925","1,220","2,235"
504,Northamptonshire,"14,865",835,110,95,-,10,"5,660",250,190,340,90,385,245,600,230,35,625,"2,230",545,645,60,90,80,"3,480","1,350",690,860,"123,965","6,345","24,130","6,495",230,0,0,0,185,0,0,0,50,0,0,0,35,0,0,40,640,0,0,275,605,0,0,100,"24,055","18,505","81,405","1,370",690,"4,285",480,"1,910","21,740","1,515",625,"4,355","6,925","27,750",710,"360,205","1,442,950",325,290,155,60,430,165,30,230,0,55,10,-,0,145,"5,785","24,560","3,820","1,895","2,630"
104,Northumberland,"13,455",520,45,115,-,0,"3,650",285,55,110,200,380,65,70,325,10,185,"2,135",970,290,55,95,100,"2,690","1,735",290,430,"74,675","2,125","15,130","3,200",255,0,50,0,"15,030",310,155,140,"4,680",0,50,50,0,0,0,0,0,0,0,0,0,0,0,0,"19,295","2,345","53,035",435,-,"1,685",210,"1,105","13,815",235,10,"2,955","5,830","23,030",830,"289,600","1,029,170",435,625,-,45,345,225,10,335,0,10,-,0,-,920,0,"20,740","2,565","3,015","1,730"
511,Nottinghamshire,"25,365","1,455",55,135,10,150,"7,860",330,335,475,490,735,155,55,545,25,670,"3,255","1,305","2,870",115,170,160,"4,165","2,945","3,040","1,115","162,510","5,840","29,910","4,695","3,645",0,50,0,"5,075",0,0,0,"1,440",0,0,0,0,0,0,0,0,0,380,105,50,0,130,0,"34,290","30,755","97,470","2,685",0,"3,155","1,815","3,485","24,610",795,0,"3,900","7,615","45,750","1,475","395,930","2,378,950","1,570",105,715,15,"1,035",140,475,10,0,75,30,15,10,0,"11,270","43,275","8,500","1,975","1,030"
608,Oxfordshire,"14,275","1,245",20,65,10,30,"7,455",290,85,215,545,450,105,30,5,95,470,"2,465",995,180,95,155,205,"3,330","1,530",200,920,"90,175","3,330","13,205","1,745",0,0,0,0,"1,985",115,145,0,"2,605",0,0,0,0,0,0,0,0,0,775,0,725,0,0,0,"43,715",0,"46,460","1,595",0,"1,735",0,0,"13,205",155,0,"1,590","9,405","35,360","1,105","489,110","2,003,925","1,135","1,210",0,135,345,130,0,10,0,220,70,45,10,525,0,"10,960","1,745","1,055",435
417,Shropshire,..,440,30,775,600,-,"2,675",155,80,140,150,340,65,75,80,35,240,865,575,"1,020",20,25,25,"1,245","1,080","1,100",310,"61,265","2,075","10,195","2,055",0,0,0,0,45,0,40,0,555,25,0,585,0,0,0,0,0,0,0,0,0,0,0,0,"19,775","3,270","38,225",685,0,"1,390",270,"1,485","8,445",160,0,"1,900","2,115","17,660",480,..,..,155,160,25,40,485,20,90,0,0,115,35,25,-,"2,235",340,"7,140","1,205",775,"1,090"
905,Somerset,"20,555","1,240",40,10,0,75,"6,805",355,175,380,570,420,85,20,10,10,475,"3,065",875,0,85,90,85,"4,020","1,495",0,735,"116,900","5,320","16,295","3,215",0,0,0,0,0,0,0,0,0,0,0,0,0,0,0,0,0,0,0,0,0,0,0,0,"49,990",485,"66,425","2,475",605,"2,245",395,"5,910","9,990",720,0,"2,495","26,460","31,255","1,020","1,376,025","1,625,365",875,..,175,..,420,..,10,..,0,-,0,0,-,0,0,"28,790","4,325","1,495","3,445"
413,Staffordshire,"19,580","1,250",140,330,140,275,"7,510",470,220,690,240,900,230,60,135,125,"1,065","3,980","1,825","1,325",215,265,210,"4,760","3,085","1,465","1,750","121,260","5,000","25,760","7,585",0,0,0,0,0,0,0,0,0,0,0,0,0,0,0,0,0,0,0,0,0,0,0,0,"42,645","8,975","69,640","1,620",425,"2,955","1,655","6,230","17,870","3,865",0,"3,720","14,260","34,325","1,310","741,470","1,785,005",690,360,140,25,700,120,85,15,0,"1,150",405,310,195,"9,705",0,"14,425","2,450","1,130","1,265"
609,Suffolk,"15,275",890,70,"1,060",15,10,"8,570",430,260,220,250,560,155,10,85,35,410,"3,415","1,135","1,155",45,60,70,"4,700","2,040","1,340",595,"135,120","5,570","21,775","4,545",160,0,0,0,"2,580",15,35,50,"1,220",0,0,30,0,0,0,0,0,0,0,0,0,0,0,0,"43,480","22,940","68,705","2,435",0,"3,135",930,"1,165","19,680","1,490",0,"3,055","6,960","36,335","1,295","368,615","1,970,920",550,790,55,250,580,245,-,95,0,-,20,0,0,"6,085",95,"11,725","1,830","1,045",655
805,Surrey,"24,610","1,140",120,400,-,110,"9,170",400,..,420,275,..,160,305,..,85,665,"3,035",..,..,100,210,280,"4,015",..,..,"1,255","164,155","13,460","44,680","5,705",0,0,0,0,0,0,0,0,0,0,0,0,50,0,0,0,"14,240",0,"23,625",820,"1,215",0,145,50,"69,870","10,505","83,780","4,570",0,"8,895",295,"4,510","39,875","1,170",0,"4,535","5,445","41,445","1,410",..,..,50,..,110,..,805,..,0,..,5,580,175,145,60,..,..,"17,490","2,405","2,320","2,390"
404,Warwickshire,"18,645",980,140,"1,105",-,0,"5,105",260,145,260,290,490,80,25,5,80,420,"2,470",685,590,60,70,80,"3,095","1,325",625,630,"77,510","3,270","15,305","4,005",0,0,0,0,"3,230",0,115,0,"1,885",-,0,0,0,0,0,0,0,0,0,0,0,0,0,0,"21,315","14,985","41,210",440,55,"2,775",195,0,"15,110","1,475",0,"2,530","7,930","41,185","1,055","360,925","2,088,205",460,540,85,70,400,145,50,120,0,335,120,85,35,"4,500",0,"13,350","2,535",945,"1,810"
807,West Sussex,"13,280",765,35,"4,475",10,10,"7,715",330,275,395,605,775,185,15,40,40,625,"2,535","1,095","1,140",65,80,90,"3,500","2,225","1,225",860,"138,380","8,410","27,405","8,645",0,0,0,0,"4,770",0,0,30,"2,650",50,0,0,0,0,0,0,"1,540",0,"2,410",25,145,0,0,0,"50,280","2,820","85,280","2,365",0,"6,045","1,050","4,005","22,350",480,0,"8,165","9,740","36,385","1,510","506,585","1,891,915",730,..,130,..,440,..,45,..,0,65,30,40,30,"7,340",0,"13,095","2,105","1,120","2,620"
817,Wiltshire,"12,845",930,30,"1,160",-,25,"6,275",310,30,150,205,340,70,135,35,15,230,"2,070",270,0,35,55,45,"2,735",675,0,360,"72,165","3,265","23,645","4,705",0,0,0,0,0,0,0,0,0,0,0,0,0,0,0,0,730,0,"4,575",105,525,0,800,50,"26,885",210,"45,070",930,0,"2,335",935,"1,955","20,760",300,0,"4,405","3,110","39,275",770,0,0,0,0,0,0,0,0,0,0,0,140,60,105,90,0,0,"8,450","1,400",555,"2,265"
416,Worcestershire,"15,740",380,70,210,-,5,"3,380",340,150,165,215,500,95,65,185,15,275,"2,450",810,"1,070",55,65,55,"3,070","1,645","1,130",450,"95,620","3,585","24,770","5,105",0,0,0,0,0,0,0,0,0,0,0,0,0,0,0,0,0,0,0,0,0,0,0,0,"39,440","3,995","52,185","2,015",50,"1,520","2,245","1,810","20,720","1,595",50,"3,460","9,140","25,170",955,"409,930","858,880",85,705,300,0,465,135,35,50,0,675,260,150,40,"5,290",0,"22,315","3,075","1,300",620
908,Bath and North East Somerset UA,"3,630",95,10,615,-,5,"1,270",125,20,90,85,110,45,70,145,15,105,780,120,225,10,15,25,"1,065",390,225,155,"31,295",890,"6,810","1,500",785,0,-,0,235,0,0,0,195,0,0,0,0,0,0,0,275,0,"2,520",0,0,0,185,0,"16,915","3,180","11,200",400,15,470,130,385,"6,295",350,95,"1,050","2,640","5,715",285,"158,945","288,420",25,20,25,10,170,25,60,55,0,0,-,-,0,0,"1,155","3,610",450,285,780
324,Blackburn with Darwen UA,"2,550",380,30,50,10,15,"1,330",120,30,45,145,110,35,45,5,-,85,740,185,215,25,20,10,"1,060",330,245,135,"32,805","1,915","1,610","1,410",855,0,0,0,0,0,0,0,0,0,0,0,0,0,0,0,0,0,0,0,0,0,0,0,"3,555","5,600","23,655",540,85,"1,290",100,25,"1,485",400,0,"1,010","3,905","13,060",405,..,..,95,100,25,-,105,10,-,-,0,0,0,0,0,"1,220",0,"3,615",485,320,105
325,Blackpool UA,"3,925",160,25,85,-,60,"1,260",130,20,80,110,65,15,70,105,-,110,910,355,350,25,30,15,"1,310",595,370,180,"43,830","1,735","2,230","3,480",-,0,0,0,0,0,0,0,0,0,0,0,0,0,0,0,0,0,0,0,0,0,0,0,"5,850","1,975","36,005",725,0,"1,015",130,295,"1,805",630,390,"2,460","1,440","11,100",375,"80,460","608,665",215,120,40,0,40,65,0,125,0,-,-,-,-,"2,660",0,"5,455",680,345,400
810,Bournemouth UA,"5,200",300,20,190,-,0,"1,930",100,50,75,25,140,40,15,40,10,125,685,315,20,25,20,20,825,545,20,190,"39,155","1,720","5,405","1,015",0,0,0,0,0,0,0,0,0,0,0,0,0,0,0,0,0,0,0,0,0,0,0,0,"7,395",610,"31,150",350,0,"1,375",0,615,"4,790",75,0,940,"1,925","9,330",325,"100,205","485,210",330,-,50,-,145,75,40,-,0,120,15,-,-,100,0,"5,490","1,045",465,585
614,Bracknell Forest UA,"2,885",250,10,885,0,-,"1,170",75,55,65,145,120,110,-,30,50,230,400,230,55,15,20,25,620,440,65,290,"14,670",710,"2,805",610,380,0,0,0,470,-,0,0,465,0,0,0,0,0,0,0,0,0,"2,765",0,0,0,0,0,"5,990","2,935","5,740",350,0,360,0,200,"2,605",50,0,560,"1,630","7,210",175,"84,655","374,870",70,125,35,10,100,20,20,0,0,0,0,0,0,215,0,"1,780",375,195,535
816,Brighton and Hove UA,"7,010",545,15,45,-,20,"2,380",255,55,90,150,140,70,60,15,-,165,"1,245",270,335,40,35,20,"1,715",480,385,255,"55,980","2,690","15,630","5,710",0,0,0,0,0,0,0,0,0,0,0,0,0,0,0,0,0,0,0,0,0,0,0,0,"22,675","3,470","29,835","1,285",0,"1,405",165,"1,835","13,635",330,0,"5,380","3,770","19,945",620,"187,085","1,121,370",360,145,65,10,135,100,0,85,-,115,15,5,-,"2,460",0,"4,965","1,230",505,270
909,Bristol UA,"9,310","1,360",160,"1,125",35,90,"5,755",325,95,255,170,345,30,80,30,20,310,"2,335",385,700,30,30,25,"2,910",855,750,395,"79,545","3,750","15,555","5,960","1,735",0,0,0,"1,135",0,0,-,"2,715",125,0,0,0,0,0,0,"2,720",50,"5,160",0,"1,570",0,"2,020",50,"33,205","21,295","25,045","2,075",0,"1,675",930,555,"14,070","2,015",0,"3,950","5,745","17,545",660,"298,845","912,390",525,270,0,175,725,135,0,35,0,25,10,-,0,0,"3,140","6,015","1,115",600,"1,540"
117,Darlington UA,"3,300",260,-,50,25,-,"1,095",105,60,65,85,140,55,15,40,-,125,670,185,115,10,-,-,880,430,120,145,"30,545","1,340","1,485",915,..,..,..,..,..,..,..,..,..,..,..,..,..,..,..,..,..,..,..,..,..,..,..,..,"7,525",0,"23,020",390,0,950,140,200,"1,140",450,0,465,"1,930","9,750",275,..,..,5,215,0,30,130,35,0,40,0,10,0,0,-,245,..,"2,360",420,210,250
507,Derby UA,"7,445",585,-,180,-,50,"1,845",175,110,160,125,205,25,40,15,15,195,"1,365",345,390,35,40,25,"1,715",675,410,300,"53,440","2,790","8,105","3,560",0,0,0,0,0,0,0,0,0,0,0,0,0,0,0,0,150,0,105,50,"1,020",230,130,145,"21,710","12,225","19,505","1,080",0,"1,715","1,130",535,"6,440",510,0,"3,050","4,920","15,645",480,"236,350","521,400",195,70,10,90,215,50,75,40,15,-,0,0,0,"1,535",0,"5,360","1,250",400,375
214,East Riding of Yorkshire UA,"9,860",760,35,625,30,0,"3,910",185,45,140,135,295,60,30,15,20,220,"1,345",350,0,25,20,20,"1,695",700,0,285,"92,030","3,730","18,025","6,180",315,0,50,0,"11,150",80,160,0,"1,395",210,0,0,0,0,155,0,225,85,160,0,"1,110",435,50,155,"10,690","3,910","77,430","1,530",0,"2,200","1,080","1,115","15,830",420,0,"5,760","1,250","14,230",485,"64,790","1,011,885",275,130,50,10,375,75,10,-,0,235,85,55,15,0,0,"6,125","1,370",605,"1,755"
321,Halton UA,"4,090",345,0,70,0,-,"1,120",75,25,70,60,150,75,80,50,15,160,460,145,215,10,5,-,675,370,230,180,"15,000",475,"2,090","1,650",70,0,0,0,"2,225",50,-,80,910,20,-,25,0,0,0,0,0,0,0,0,0,0,0,0,"2,910","1,725","10,365",170,30,280,305,15,"1,770",330,5,"1,315","1,100","6,825",175,"57,200","354,850",155,10,35,-,160,40,-,0,0,410,110,50,10,0,"1,540","2,825",590,350,305
111,Hartlepool UA,"3,400",325,15,-,-,0,965,80,40,145,40,150,80,10,-,30,250,555,190,30,30,50,35,685,380,35,370,"22,215",850,"2,565","1,595",0,0,0,0,"5,430",60,0,0,700,0,0,0,0,0,0,0,520,0,840,0,-,0,0,50,"3,430",0,"18,785",120,0,730,50,0,"2,515",530,0,"1,065",720,"6,105",210,..,..,35,175,35,0,180,10,-,-,0,15,-,-,-,190,0,"3,525",705,285,40
415,Herefordshire UA,"5,215",325,30,185,-,165,"1,900",130,75,60,50,175,45,15,270,-,110,685,410,465,20,10,10,875,930,505,145,"36,070","2,030","9,330","2,765",0,0,0,0,0,0,0,0,0,0,0,0,0,0,0,0,0,0,0,0,0,0,0,0,"11,945",25,"24,100",510,0,"1,520",125,370,"8,840",505,0,"2,265",155,"9,295",290,"7,955","483,445",35,435,40,45,145,55,0,275,0,10,-,-,0,"2,010",0,"3,535",745,350,455
803,Isle of Wight UA,"5,035",135,-,25,20,10,"1,220",115,25,45,115,295,45,15,50,-,100,"1,450",500,560,20,30,55,"1,705",865,585,205,"42,440","1,200","7,875","2,140",0,0,0,0,0,0,0,0,0,0,0,0,0,0,0,0,0,0,0,0,0,0,0,0,"6,215","2,155","34,070",280,0,920,85,350,"7,445",50,0,"2,085","1,635","8,995",360,"83,095","499,970",215,..,0,..,160,..,185,..,0,25,-,5,-,"1,955",0,"3,080",335,315,"1,200"
215,Kingston upon Hull UA,"7,080",865,45,285,95,50,"2,735",95,10,110,85,60,50,10,-,15,180,895,140,170,15,25,15,"1,095",215,190,235,"79,785","3,920","8,145","7,040",50,0,0,0,"2,190",50,50,0,255,0,0,0,45,0,50,0,865,70,"1,910",55,980,610,70,260,"7,440","4,225","68,120","2,105",390,"1,425",190,"1,825","6,130",460,0,"6,580","2,150","11,030",415,..,..,240,15,50,0,175,55,-,0,0,55,15,0,0,0,845,"6,775","1,565",580,415
509,Leicester UA,"5,725",620,30,100,15,15,"2,090",345,140,155,90,370,90,55,125,35,275,"1,810",660,675,40,35,20,"2,315","1,305",800,370,"54,490","2,275","14,650","9,560","2,200",0,-,0,635,45,65,50,330,40,0,0,0,0,0,0,50,0,365,0,0,0,0,0,"8,440","10,745","35,305",530,245,"1,500",315,530,"13,810",260,-,"9,295","2,725","20,395",625,"138,655","684,885",115,665,45,65,310,205,50,140,0,285,50,25,5,855,"3,200","4,945",915,945,945
611,Luton UA,"3,700",505,100,250,25,-,"2,030",120,55,65,95,170,55,10,0,-,125,660,275,205,20,25,20,885,520,205,190,"23,715","1,865","6,265","1,410",0,0,0,0,0,0,0,0,0,0,0,0,0,0,0,0,0,0,0,0,0,0,0,0,"5,945","5,410","12,355","1,335",140,390,425,175,"5,660",180,0,"1,235","2,775","9,395",350,"154,760","476,980",305,0,55,-,155,25,0,0,0,-,-,-,-,0,660,"2,390",490,390,420
821,Medway Towns UA,"6,670",665,70,885,-,0,"2,545",200,180,150,45,165,90,20,445,10,250,"1,340",935,285,15,20,20,"1,610","1,730",300,305,"37,590","3,315","11,515","1,665",0,0,0,0,0,0,0,0,0,0,0,0,0,0,0,0,0,0,415,0,0,0,50,0,"14,530","4,885","18,180",680,0,"2,640",735,450,"10,330",0,0,"1,665",550,"15,155",575,..,..,615,365,145,35,150,15,395,0,0,25,0,0,0,"1,865",0,"4,035",840,465,"1,325"
112,Middlesbrough UA,"4,915",365,20,340,15,35,"1,340",105,75,105,115,230,130,40,75,15,250,660,300,0,50,65,35,925,680,0,400,"32,975","2,290","4,720","2,675",0,0,0,0,"1,015",0,0,0,235,0,0,0,0,0,50,40,450,0,670,0,0,0,625,0,"5,735",570,"26,670",450,170,"1,675",225,525,"3,970",625,550,"1,495",965,"15,325",510,..,..,305,5,60,20,160,65,85,0,0,5,-,-,0,0,0,"2,980","1,110",425,355
613,Milton Keynes UA,"3,735",560,150,135,-,25,"1,465",160,35,140,165,205,35,15,-,-,180,900,190,275,50,75,65,"1,245",440,290,370,"28,710","1,430","4,445",235,150,0,0,0,"1,095",0,0,0,545,0,0,0,0,0,0,0,0,0,0,0,0,0,0,0,"10,405","1,445","16,860","1,005",0,425,0,0,"4,445",50,0,185,"4,160","7,840",330,..,..,115,60,0,80,105,95,75,0,0,35,-,15,-,"1,280",0,"2,540",715,255,205
216,North East Lincolnshire UA,"6,090",345,55,295,0,15,"1,680",230,60,90,65,145,60,20,5,30,180,"2,610",260,340,15,20,10,"2,930",475,345,225,"44,515","1,715","6,995","2,275",0,0,0,0,0,0,0,0,0,0,0,0,0,0,0,0,0,0,0,0,0,0,0,0,"3,295","2,340","38,880",285,65,"1,365","1,310",400,"5,285",380,15,"1,880","1,770","10,035",380,..,..,260,10,25,-,190,5,-,-,0,90,30,35,30,235,"1,395","7,665","1,055",550,615
217,North Lincolnshire UA,"4,655",425,25,130,-,-,"2,160",75,20,35,45,160,50,-,45,-,90,600,270,295,15,10,20,725,495,305,135,"40,500","1,375","4,585","2,525",10,0,0,0,20,0,0,0,0,0,0,0,10,0,70,0,95,95,15,0,"1,010",40,0,0,"6,140","2,860","31,500",370,25,980,485,"1,580","2,520","1,400",55,"1,070","3,545","5,635",325,"78,775","316,275",810,100,35,25,550,75,40,0,0,20,-,0,-,510,680,"3,185",555,350,565
910,North Somerset UA,"5,895",275,15,335,35,0,"2,115",170,35,90,25,195,40,15,15,5,135,"1,020",295,465,20,40,45,"1,230",570,485,240,"52,980","2,800","11,565","3,720",0,0,0,0,0,0,50,0,0,0,0,0,0,0,0,0,0,0,0,0,0,0,0,0,"21,940",870,"30,170","1,840",0,960,"1,785",0,"9,780",810,0,"2,915","1,525","8,300",445,"76,830","468,105",35,170,0,35,0,220,30,35,0,10,-,-,0,0,"2,055","4,245",565,475,595
512,Nottingham UA,"6,555",595,25,155,60,40,"1,925",175,95,155,115,290,50,25,95,15,220,"1,550",690,490,40,45,20,"1,875","1,175",490,325,"59,225","3,330","12,110","4,730",625,0,0,0,0,0,0,0,0,0,0,0,0,0,0,0,0,0,0,0,0,0,0,0,"13,715","7,520","37,995",845,0,"2,485","2,265","1,520","8,320",190,0,"4,540","5,515","17,615",690,"286,830","915,980",645,75,90,10,235,65,80,15,0,10,0,0,0,0,"4,815","4,610",740,590,515
624,Peterborough UA,"3,885",475,60,10,-,10,"1,510",135,60,100,100,180,45,5,-,30,175,995,240,245,25,15,15,"1,245",485,265,235,"25,255","1,910","6,805",300,920,0,0,0,0,0,0,0,0,0,0,0,0,0,0,0,0,0,0,0,0,0,0,0,"6,455","8,765","10,030","1,110",70,730,360,-,"6,440",160,0,140,625,"22,165",410,"12,670","695,715",200,40,30,30,105,75,0,55,0,10,-,5,0,960,0,"2,420",755,370,320
913,Plymouth UA,"8,395",795,80,195,145,45,"3,320",255,100,155,155,250,80,30,35,25,265,"1,535",395,425,45,95,90,"1,990",785,465,495,"49,490","3,870","14,830","3,540",290,0,0,0,"3,505",50,0,0,"1,060",0,0,0,0,0,0,0,0,0,0,0,0,0,0,0,"11,650","4,765","33,075","1,420",0,"2,450",55,935,"13,835",270,0,"3,270","1,405","17,090",495,"73,580","913,435",20,350,60,35,95,165,0,70,0,275,70,35,-,420,"2,045","5,130","3,775",45,"1,250"
811,Poole UA,"5,930",315,30,615,150,0,"1,645",85,40,75,65,150,80,20,30,10,160,655,305,215,20,25,20,825,525,225,225,"20,050",815,"2,425",385,0,0,0,0,230,0,0,0,0,0,0,0,0,0,0,0,50,0,105,55,0,0,0,0,"4,600",0,"15,445",185,0,630,0,0,"2,425",50,0,330,"1,160","7,030",250,"57,580","391,185",290,65,45,-,150,25,25,5,-,5,-,-,0,"1,475",0,"4,180",700,385,540
813,Portsmouth UA,"4,515",200,25,600,5,15,920,150,50,65,150,155,25,35,-,10,100,"1,230",235,0,25,15,15,"1,570",445,0,155,"30,200","2,070","6,515","3,835",300,0,0,0,0,0,0,0,0,0,0,0,0,0,0,0,0,0,"1,685",0,0,0,50,0,"9,770","7,840","12,590",590,605,875,345,400,"5,770",105,0,"3,730",435,"13,575",335,..,..,180,55,105,-,265,135,0,0,0,25,5,-,-,"1,490",0,"5,375",610,535,"1,460"
616,Reading UA,..,345,50,330,-,125,"1,475",145,25,70,50,140,20,45,145,40,135,895,270,280,25,35,30,"1,095",600,310,225,"12,435","1,165","6,645","2,435",265,0,0,0,775,0,0,0,430,0,0,0,0,0,0,0,575,50,"1,565",0,20,0,170,0,"5,135","3,070","4,235",475,0,690,85,705,"5,850",195,325,"1,915","3,045","10,210",370,"131,310","381,360",290,-,15,10,120,90,170,-,0,60,15,20,20,890,0,"2,610",530,310,460
113,Redcar and Cleveland UA,"4,200",450,50,145,0,-,"1,645",105,30,140,65,165,110,20,50,15,270,925,420,85,40,35,20,"1,120",670,95,365,"37,385","1,900","5,270","3,225",0,0,0,0,0,0,0,0,0,0,0,0,0,0,0,0,105,0,410,0,0,0,0,0,"10,035","4,800","22,550",375,0,"1,520",0,"1,330","3,940","1,365",0,"1,860","1,140","11,745",440,"61,600","648,700",245,135,0,10,185,70,0,85,0,45,5,-,-,85,0,"2,985",550,305,360
510,Rutland UA,965,120,10,15,0,0,635,20,15,10,30,60,0,-,10,5,15,230,120,55,5,15,5,285,205,60,40,"6,500",260,745,210,0,0,0,0,0,0,0,0,0,0,0,0,0,0,0,0,0,0,0,0,0,0,0,0,"1,095",0,"5,405",0,0,260,0,0,745,0,0,210,"1,170","1,195",65,"26,575","34,775",0,130,0,15,0,55,0,0,0,10,-,10,-,0,200,750,115,60,35
617,Slough UA,"2,505",225,45,260,0,25,810,85,60,55,40,120,40,15,50,50,145,530,340,130,30,25,10,665,570,140,215,"17,200","1,220","6,855","2,285",435,0,0,0,580,215,850,420,480,0,0,0,0,0,0,0,0,0,"1,045",415,145,50,0,0,"7,935","4,540","4,725",365,0,850,0,790,"6,065",85,0,"2,200","1,005","4,705",200,"49,600","243,165",175,105,70,25,480,135,0,100,0,75,30,30,-,955,0,"1,480",285,255,485
911,South Gloucestershire UA,"7,140",440,35,150,-,-,"2,345",120,90,170,5,160,95,10,90,15,275,"1,100",410,465,25,25,20,"1,235",750,480,350,"38,855","1,180","8,250",530,"2,520",0,0,0,0,0,0,0,0,0,0,0,0,0,0,0,"4,365",0,"3,975",0,40,0,105,0,"13,720","10,595","14,540",780,0,405,240,0,"8,010",140,0,395,"1,930","8,285",405,"94,510","394,180",395,210,50,70,140,285,-,25,-,80,25,15,-,0,"2,295","10,550","1,720",720,360
814,Southampton UA,"6,300",330,15,345,265,10,"1,480",300,85,195,170,280,20,155,455,25,245,"1,840",540,295,50,45,30,"2,475","1,365",315,375,"40,275","1,065","4,720","2,010",875,0,0,0,0,0,0,0,0,0,0,0,0,0,0,0,620,5,"1,445",0,50,0,0,0,"11,905","8,530","19,840",530,0,530,0,285,"4,435",0,0,"2,010","1,895","12,590",355,"46,585","759,860",60,785,80,45,285,90,480,40,0,0,0,0,0,0,"1,555","3,930",825,395,"1,150"
621,Southend-on-Sea UA,"5,690",245,20,"1,325",295,10,"2,195",145,10,75,50,210,40,25,220,5,125,"1,200",210,335,25,40,55,"1,420",660,355,245,"38,255","1,105","7,000","2,055",125,0,0,0,"1,540",0,0,0,210,0,0,0,0,0,0,0,0,0,0,0,0,0,0,0,"3,325","2,475","32,450",190,0,915,210,560,"6,230",105,50,"1,895",585,"11,740",390,..,..,155,90,0,-,570,65,210,0,0,30,15,10,-,"1,615",0,"3,595",445,365,"1,045"
114,Stockton-on-Tees UA,"6,210",515,30,70,0,40,"2,045",175,40,115,40,170,75,70,70,15,210,915,250,0,40,55,25,"1,205",530,0,330,"42,750","1,145","8,130","3,030",0,0,0,0,0,0,0,0,0,0,0,0,0,50,0,0,105,50,510,0,50,0,15,0,"10,515","1,040","31,195",215,430,500,300,620,"7,210",140,595,"2,300","2,320","8,415",365,"120,745","437,475",240,-,35,-,220,20,70,-,0,-,-,0,0,0,0,"4,435",945,355,390
414,Stoke-on-Trent UA,"8,505",680,60,"1,540",25,70,"2,715",155,100,185,140,220,60,20,20,45,290,"1,255",495,490,70,50,25,"1,570",840,530,430,"59,865","3,540","13,000","2,430",920,0,0,0,0,0,0,0,0,0,0,0,0,0,260,0,35,0,155,590,770,0,0,930,"23,245","9,650","26,970","1,475",0,"2,065",885,930,"11,190",640,0,"1,790","1,945","18,105",480,"101,245","941,510",435,160,0,45,250,40,0,0,0,210,60,30,-,0,"1,235","10,205","3,205",655,"1,320"
819,Swindon UA,"4,725",435,15,350,-,-,"2,205",125,80,75,110,200,30,20,195,30,135,780,335,220,15,20,10,"1,040",810,235,180,"28,780","1,030","11,660","2,210",350,0,0,0,5,0,40,50,15,0,0,0,0,0,0,0,0,0,0,0,0,0,55,0,"11,765","7,055","9,960",355,30,640,535,..,"11,125",245,25,"1,945","1,085","10,090",325,..,..,220,20,55,25,105,95,-,-,-,25,-,-,0,"1,140",0,"3,090",450,335,850
418,Telford and the Wrekin UA,"4,985",470,10,325,295,-,"1,535",115,35,60,60,200,40,20,20,20,125,925,165,360,30,20,20,"1,120",415,385,190,"25,125","1,020","4,660","1,520",0,0,0,0,0,0,0,0,0,0,0,0,0,0,0,0,415,0,"1,765",540,"6,925","1,300",250,280,"9,705",50,"15,370",860,0,155,180,"1,425","3,055",55,0,"1,465","1,285","8,690",300,..,..,0,165,10,30,190,15,10,20,0,0,0,0,0,195,890,"5,530","1,410",490,430
622,Thurrock UA,"2,915",270,40,40,0,-,"1,040",75,10,50,20,80,25,-,-,-,80,600,150,255,10,10,-,690,245,280,100,"19,175","1,015","4,470",620,295,0,0,0,"3,785",25,0,40,750,0,0,0,0,0,0,0,100,0,970,0,255,0,560,0,"3,140","1,550","14,485",110,0,905,225,100,"4,145",0,0,620,"1,290","6,740",225,"67,130","350,585",365,0,15,0,165,-,-,0,0,15,-,0,-,"1,295",0,"4,480",585,260,460
914,Torbay UA,"4,470",345,15,60,10,-,"1,715",250,40,110,115,260,55,120,10,5,170,"1,775",635,690,25,30,35,"2,265",950,740,260,"38,870","2,345","8,415","3,760",255,0,0,0,"6,995",90,50,35,"1,225",70,0,0,0,0,0,0,0,0,0,0,0,0,0,0,"6,185",365,"32,320",940,0,"1,405",260,810,"7,340",0,0,"3,760",315,"7,890",195,..,..,145,165,0,75,115,120,..,75,10,70,0,0,0,..,0,"6,165",425,265,115
322,Warrington UA,"5,495",480,20,310,25,-,"1,415",145,60,85,170,215,55,35,-,-,145,960,435,220,10,15,10,"1,315",720,235,180,"39,520","1,205","2,570","2,060",165,0,0,0,"4,060",25,20,105,"2,820",35,25,10,0,0,0,0,0,0,0,0,0,0,0,0,"18,060","2,810","18,650",620,0,580,830,500,"1,240",625,0,"1,435","1,940","14,505",455,"100,985","754,210",160,0,40,5,150,60,0,-,0,10,-,0,0,375,260,"3,595",710,370,750
615,West Berkshire UA,"3,720",205,30,420,5,10,"1,130",105,65,90,80,155,35,15,55,25,150,840,195,265,30,15,25,"1,045",465,270,225,"15,750",455,"4,105",605,745,0,0,0,280,0,0,0,280,0,0,0,0,0,0,0,720,0,"1,700",0,0,0,0,0,"5,710","4,525","5,510",215,-,235,150,0,"3,955",55,-,545,"1,220","13,700",320,"60,885",..,160,..,60,..,90,..,30,..,-,65,20,10,-,760,0,"2,550",385,300,470
618,Windsor and Maidenhead UA,"3,650",205,15,350,290,-,"1,345",105,10,20,55,115,-,50,-,-,25,745,75,100,-,10,20,955,205,110,55,"17,235","1,140","4,510",770,0,0,0,0,155,0,0,0,555,0,0,0,0,0,0,0,0,0,"1,685",0,0,0,0,0,"8,735",50,"8,450",565,0,575,60,695,"3,750",160,0,610,"1,260","5,360",185,..,..,100,..,0,..,150,..,0,..,0,10,-,-,-,650,0,"4,225",500,345,540
619,Wokingham UA,"2,410",125,20,250,0,-,710,40,35,45,10,185,30,-,10,5,80,425,220,220,20,30,55,480,445,235,185,"14,750",770,"8,470",515,820,0,0,0,50,0,0,0,0,0,0,0,0,0,0,0,470,0,"3,885",0,0,0,50,0,"5,815","2,525","6,415",365,50,355,0,0,"8,470",55,0,460,590,"3,255",100,"30,730","169,210",35,220,25,5,165,80,-,15,0,10,-,-,-,"1,895",0,"3,160",785,470,385
219,York UA,"5,755",370,20,50,-,15,"1,445",130,60,65,135,215,45,15,135,-,90,955,130,0,10,15,25,"1,240",490,0,135,"35,100","1,240","4,655","1,815",885,10,95,0,850,0,40,0,845,-,0,0,0,0,0,0,0,0,0,0,0,0,0,0,"12,970","12,580","9,550",575,40,625,205,80,"4,370",185,20,"1,610","1,470","8,595",215,"76,330","446,820",275,220,310,0,"1,045",310,385,25,0,190,70,40,15,0,0,"4,380",680,345,310
702,Camden,"2,595",360,-,790,155,15,"1,270",325,35,145,25,70,20,70,10,20,190,"1,340",80,415,30,30,25,"1,760",195,490,275,"27,110","3,260","4,400","5,905",320,0,0,0,480,0,0,185,85,50,0,25,5,0,0,0,55,25,520,0,"1,150",90,0,145,"8,015","8,680","10,415","1,095",80,"2,085",0,420,"3,985",540,0,"5,365","1,905","17,140",455,"70,510","718,285",380,"1,665",0,365,70,90,50,205,0,80,10,5,-,"2,100",0,"3,340",900,320,515
714,City of London,255,15,0,20,-,-,80,15,0,5,0,0,-,-,0,-,10,80,-,15,-,-,-,100,-,15,15,"1,530",0,210,"1,160",0,0,0,0,30,0,0,0,50,0,0,0,0,0,0,0,0,0,0,0,0,0,0,0,400,0,"1,130",0,0,0,0,0,210,0,0,"1,160",400,315,20,"24,180","18,935",0,-,0,0,0,-,0,-,0,-,0,-,0,0,40,150,30,10,50
703,Greenwich,"5,405",355,15,"1,500",0,0,"1,160",220,75,135,75,320,60,35,0,5,205,"1,275",310,275,45,35,25,"1,605",705,315,310,"32,220","2,505","8,555","3,740",0,0,0,0,0,0,0,0,0,0,0,0,0,0,0,0,0,0,0,0,0,0,0,0,"12,550",0,"19,665","1,100",0,"1,400",105,"2,110","6,340",50,0,"3,685",720,"16,810",605,"37,390","874,120",0,310,60,25,295,45,0,0,0,60,5,10,-,0,"1,845","4,500","1,135",680,930
704,Hackney,"4,440",325,70,170,220,10,930,180,45,95,160,185,60,5,250,15,170,"1,050",275,240,20,30,10,"1,415",760,275,235,"26,525","3,050","11,435","4,590",0,0,0,0,50,0,0,0,0,0,0,0,0,0,0,0,0,0,0,0,50,0,0,0,"6,400",210,"19,915","1,235",0,"1,810",155,0,"11,280",60,0,"4,525","7,185","7,615",585,"350,220","445,845",..,..,..,..,..,..,..,..,0,25,5,-,-,"1,090","1,780","2,510",725,490,610
705,Hammersmith and Fulham,"3,930",275,30,130,115,0,950,175,20,95,60,60,50,100,145,20,165,"1,100",115,265,30,15,15,"1,455",350,290,225,"23,565","1,680","5,080","3,430",0,0,55,0,755,50,155,0,"1,630",155,0,50,0,0,0,0,0,0,0,0,0,0,0,0,"17,805",0,"5,760","1,380",0,300,0,405,"4,675",530,0,"2,905","1,130","14,580",565,"69,575","748,055",110,0,20,0,55,0,135,0,0,100,15,5,-,0,"2,100","2,545",520,285,465
706,Islington,"4,275",440,10,540,65,-,920,285,60,125,185,130,45,95,25,25,190,"1,185",255,230,25,20,15,"1,750",480,255,255,"28,190","1,560","3,915","4,090",0,0,-,0,965,-,0,410,235,0,0,0,0,0,0,0,0,0,0,0,0,0,0,0,"14,260",0,"13,925",985,0,575,35,"1,045","2,835",70,0,"4,025","2,285","15,125",550,"118,795","643,885",225,615,100,-,70,50,0,485,0,80,10,-,0,"1,170",0,"2,390",575,300,965
707,Kensington and Chelsea,"5,275",405,15,165,170,115,"1,190",240,5,90,25,150,20,140,515,65,175,"1,130",285,220,35,50,45,"1,540",940,250,305,"16,715","1,050","3,250","2,345",135,0,0,0,445,0,0,0,100,0,0,0,50,0,35,0,660,65,"2,025",940,0,0,0,0,"5,910","2,585","8,225",0,0,"1,050",0,505,"2,745",0,0,"2,345","1,550","11,345",340,..,..,285,..,5,..,25,..,515,..,0,-,-,0,0,"1,060",0,"2,475",545,250,910
708,Lambeth,"6,740",575,85,"1,650",310,30,"1,355",295,85,130,120,200,75,50,200,-,210,"1,230",230,670,20,30,20,"1,740",635,825,275,"39,365","5,150","17,185","8,995",0,0,0,0,0,0,0,0,0,0,0,0,0,0,0,0,205,0,"2,730",0,0,0,15,0,"19,450",0,"19,915","2,705",0,"2,445",675,0,"16,510",935,0,"8,060",0,"15,920",455,0,"620,160",170,215,90,5,155,75,30,165,0,-,-,-,0,"2,010",0,"7,795","2,350",965,"1,085"
709,Lewisham,"5,700",410,30,80,0,70,"1,580",300,65,105,260,205,30,..,..,0,160,"1,440",290,605,30,30,10,"2,090",580,715,235,"39,805","3,590","10,490","2,755",0,0,0,0,0,0,0,0,0,0,0,0,0,0,0,0,0,0,0,0,0,0,0,0,"17,755",0,"22,055","1,790",0,"1,805",50,0,"10,440",280,0,"2,475","2,300","20,220",905,"119,495","1,051,440",95,195,45,20,175,20,..,..,0,10,-,-,-,"3,330",0,"2,985",710,395,40
710,Southwark,"4,745",580,25,"1,210",185,5,"1,640",340,200,70,55,265,20,65,50,-,95,"1,320",120,450,40,35,20,"1,785",485,510,190,"35,875","4,855","16,270","7,470",0,0,0,0,560,50,105,0,280,0,0,0,0,0,0,0,0,0,0,0,0,0,0,0,"16,365",0,"19,510","1,980",0,"2,875",210,170,"15,890","2,625",0,"4,845",0,"21,765",675,0,"1,082,475",285,835,200,25,0,645,50,0,0,0,0,0,0,"2,730",0,"2,920",530,325,825
711,Tower Hamlets,"5,035",455,5,90,30,20,750,270,40,85,165,220,45,95,30,15,150,"1,135",305,340,40,35,15,"1,605",595,395,240,"25,275","3,000","8,210","6,565",0,0,0,0,325,50,295,505,425,20,65,30,0,0,0,0,0,0,690,0,0,0,0,0,"9,825",0,"15,455","1,260",0,"1,740",0,0,"8,210",195,0,"6,370","5,570","15,395",775,..,..,110,30,80,-,40,175,145,30,-,150,20,-,-,"1,145","2,865","3,675",810,635,"1,130"
712,Wandsworth,"5,220",290,20,630,50,15,"1,385",495,95,95,185,195,50,290,60,50,195,"1,930",280,335,40,25,20,"2,915",640,370,280,"40,525","1,460","24,465","10,260",0,0,0,0,0,0,0,0,0,0,0,0,0,0,0,0,0,0,0,0,0,0,0,0,"19,670",195,"20,665",785,110,560,480,395,"23,590",605,95,"9,560","2,340","15,370",695,"121,785","679,400",20,260,40,20,175,95,-,70,0,205,105,0,0,"2,210",0,"2,620",500,450,"1,565"
713,Westminster,"6,150",320,40,"1,050",170,20,"1,255",300,60,180,110,105,55,260,115,50,290,"1,590",255,295,60,60,25,"2,280",560,330,435,"33,535","1,445","7,830","9,495",210,0,0,0,225,0,0,0,35,0,0,0,0,0,0,0,"1,070",0,"1,430",580,350,0,40,310,"13,950","3,900","15,685",775,0,670,320,0,"7,510",715,0,"8,780",55,"17,180",510,"2,965","893,465",40,265,0,65,110,95,0,120,0,120,30,25,30,"1,640",0,"4,600",895,580,"1,835"
716,Barking and Dagenham,"5,315",265,-,95,-,15,"1,010",75,20,130,15,105,30,15,150,15,175,960,165,340,40,50,50,"1,065",440,360,310,"27,950",805,"5,330",880,0,0,0,0,0,0,0,0,0,0,0,0,0,0,0,0,0,0,0,0,0,0,0,0,"10,920",935,"16,095",490,0,315,25,295,"5,005",65,0,815,"1,340","8,405",330,"69,680","437,165",0,190,10,20,75,50,0,155,0,25,-,-,-,"1,620",0,"5,900","1,185",410,210
717,Barnet,"6,035",270,35,410,10,-,"1,865",230,60,165,135,195,85,45,180,65,310,"1,410",360,405,60,65,90,"1,820",800,420,525,"43,845","3,290","13,575","3,990",0,0,0,0,900,0,0,0,50,0,0,0,0,0,0,0,0,0,0,0,0,0,0,0,"11,335",..,"32,505",905,0,"2,385",155,760,"12,655",105,0,"3,885",965,"18,820",650,"50,285","978,590",0,300,55,-,125,70,175,5,0,160,50,30,25,"1,870",0,"4,005",655,530,850
718,Bexley,"5,860",510,10,800,235,20,"2,285",130,35,115,15,255,30,-,0,55,200,910,140,0,30,20,20,"1,060",430,0,270,"30,515","1,440","7,555","1,945",0,0,0,0,470,0,0,20,"1,420",25,0,0,0,0,0,0,0,0,0,0,0,0,0,0,"11,815",0,"18,700",560,0,885,0,0,"7,555",0,0,"1,945",45,"13,800",365,"2,390","717,705",0,140,0,35,0,255,0,0,..,..,..,..,..,0,825,..,..,..,..
719,Brent,"5,825",620,125,800,70,5,"1,670",305,80,135,20,250,130,-,135,10,145,"1,575",385,275,40,35,25,"1,900",715,355,510,"26,375","5,000","7,950","4,350",170,0,715,0,"12,850",0,"6,785",0,"14,190",0,0,0,0,0,0,0,665,0,"1,090",0,0,0,0,0,"14,190","1,830","10,355","2,210",0,"2,790",0,745,"7,200",0,0,"4,350",0,"16,040",570,0,"833,975",425,300,80,15,190,95,230,15,0,-,0,-,0,"2,455","2,700","3,085","1,020",655,"1,025"
720,Bromley,"6,310",425,160,790,20,0,"3,925",225,250,185,70,295,65,5,390,5,255,"1,965",960,295,25,30,50,"2,345","1,900",320,365,"41,445","1,775","10,245","3,275",0,0,0,0,0,0,0,0,0,0,0,0,0,0,0,0,0,0,0,0,0,0,0,0,"17,990",0,"23,450",475,0,"1,300",260,570,"9,410",105,0,"3,170","7,625","11,280",620,"396,550","586,560",0,960,205,45,210,85,50,340,0,-,0,0,0,0,"1,200","3,270",405,"2,520",120
721,Croydon,"7,425",95,-,100,65,5,950,250,110,130,55,310,50,30,75,25,255,"1,460",385,550,40,25,25,"1,815",880,600,345,"43,380","3,340","14,995","9,690",0,0,0,0,0,0,0,0,0,0,0,0,0,0,0,0,"1,455",0,"7,495",0,300,0,30,0,"18,900","7,475","17,005",755,250,"2,330",395,270,"14,330",530,335,"8,825","4,050","14,310",705,"193,915","618,500",295,15,75,30,185,215,75,110,0,15,-,-,0,"2,880",0,"4,140",775,695,"1,675"
722,Ealing,"8,030",280,85,"1,315",30,-,"1,930",485,330,100,60,275,115,20,0,-,220,"2,330",945,115,60,70,60,"2,895","1,555",130,405,"35,500","3,285","8,675","4,840",0,0,0,0,25,0,0,100,25,135,0,0,0,0,0,0,0,0,0,0,725,50,0,0,"17,775",0,"17,725","1,570",0,"1,715",330,0,"8,345",700,0,"4,140",870,"20,080",680,"69,950","792,275",705,60,250,50,150,110,155,-,0,90,20,10,-,580,..,"5,930","1,410",620,50
723,Enfield,"8,300",490,10,345,-,15,"1,940",175,90,155,210,230,55,130,145,20,230,"1,240",360,290,40,40,35,"1,760",825,320,350,"34,705","2,090","9,170","3,520","1,010",0,0,0,"3,845",0,50,50,"1,360",50,0,0,0,0,0,0,0,0,0,0,0,0,0,0,"9,165","3,940","21,600",770,0,"1,325",70,0,"9,100",120,0,"3,400","2,745","24,165",720,"142,865","1,256,645",220,150,85,20,220,125,140,25,0,10,-,0,0,"1,765",0,"5,385",550,595,"1,275"
724,Haringey,"5,025",620,85,180,100,15,"1,775",120,70,125,50,160,25,20,355,-,150,835,215,255,50,35,20,"1,035",860,275,255,"23,580","2,295","10,310","6,260",775,0,0,0,"1,010",55,0,50,880,50,0,0,0,0,415,0,0,0,"1,925","1,380",0,0,465,245,"5,540","4,750","13,290",915,0,"1,385",55,995,"9,265",260,0,"6,000","1,510","11,630",395,"75,265","646,950",265,75,35,15,155,75,310,15,-,540,110,55,10,"2,205",0,"4,320","1,345",615,935
725,Harrow,"4,895",455,50,245,-,25,"1,875",110,60,85,35,140,45,15,20,10,140,920,325,295,25,40,50,"1,125",585,335,255,"22,515","1,715","5,510","1,455",0,0,0,0,0,0,0,0,0,0,0,0,0,0,0,0,365,0,"2,290",0,50,0,0,0,"8,735",0,"13,780",520,0,"1,195",210,0,"5,305",310,0,"1,145",0,"8,170",285,0,"424,945",190,175,35,25,95,45,-,15,-,190,50,40,20,0,"1,805","5,830","1,070",480,840
726,Havering,"5,895",400,25,70,-,55,"2,535",140,25,110,45,150,65,20,80,-,185,"1,345",260,405,40,35,30,"1,550",515,415,290,"35,515","1,390","6,530","1,220",0,0,0,0,0,0,0,0,0,0,0,0,0,0,0,0,210,0,"3,665",0,0,0,5,0,"15,145","2,410","17,960",525,0,865,160,0,"6,370",165,0,"1,055","1,480","11,350",350,"77,065","590,200",150,110,25,-,150,20,80,0,0,0,0,0,0,0,"2,625","7,675",970,435,785
727,Hillingdon,"4,600",395,15,210,..,0,"1,440",145,75,155,35,235,40,25,70,20,215,950,280,420,40,25,25,"1,150",655,445,305,"31,405","3,305","8,730","1,770",0,0,0,0,0,0,0,0,0,0,0,0,310,0,830,0,895,30,"2,965",50,165,50,285,0,"13,940",85,"17,375","1,695",0,"1,610",50,"2,450","6,230",145,0,"1,630","2,660","8,855",250,"138,820","466,020",250,10,55,15,235,45,75,-,0,-,-,-,-,"2,185",0,"4,250",900,610,970
728,Hounslow,"5,715",470,30,500,30,-,"1,620",160,25,90,55,185,60,30,50,20,175,815,345,295,40,55,50,"1,065",610,315,315,"21,140","1,640","4,530","1,380",740,0,0,0,650,20,0,0,405,50,0,0,10,0,0,0,0,0,"2,990",210,485,0,0,50,"8,140","5,045","7,955",675,0,960,0,0,"4,530",170,0,"1,210","2,020","10,445",390,"81,450","523,845",565,415,0,45,480,170,130,255,0,60,15,5,-,"1,730",0,"6,640","1,635",620,"2,020"
729,Kingston upon Thames,"3,720",140,5,165,135,-,950,45,40,80,0,70,10,30,30,40,130,670,165,335,20,15,10,820,310,345,180,"20,490",985,"7,010","1,840","1,985",0,0,0,405,0,0,0,100,45,0,0,15,0,0,0,85,5,50,60,0,0,0,0,"8,960","5,140","6,390",240,145,605,260,660,"6,090",310,0,"1,530","1,340","5,345",230,..,..,125,40,35,10,40,80,0,15,0,85,25,15,5,0,"1,620","2,440",315,280,580
730,Merton,"4,295",210,40,470,45,-,"1,070",80,45,70,45,125,20,35,10,50,145,655,230,255,30,20,25,815,410,270,220,"23,330","1,890","6,825","2,770",0,0,0,0,0,0,0,0,0,0,0,0,0,0,105,0,260,0,930,50,105,100,0,0,"9,655",0,"13,675",615,0,"1,270",185,675,"5,965",190,0,"2,580","2,270","9,085",320,"106,340","554,175",165,380,70,20,185,65,0,25,0,15,-,-,-,"3,155",0,"2,395",470,470,960
731,Newham,"5,425",455,60,"1,650",430,30,"1,170",240,105,130,60,195,85,30,205,15,230,"1,445",455,390,75,80,35,"1,775","1,020",440,420,"29,240","2,305","8,275","3,750",0,0,0,0,0,0,0,0,0,0,0,0,0,0,0,0,0,0,0,0,0,0,0,0,"11,970","2,995","14,275",900,0,"1,405",0,0,"8,275",95,0,"3,655","2,330","15,780",640,"153,545","820,610",350,0,170,10,90,130,245,10,0,-,-,0,0,"1,475",0,"3,900",680,825,"2,940"
732,Redbridge,"6,105",235,70,15,-,70,"1,725",180,85,110,90,260,55,30,115,35,195,"1,155",385,820,30,45,35,"1,490",845,885,310,"30,315","1,975","6,260","3,345",415,0,0,0,"5,495",0,100,130,"1,800",55,0,0,..,..,..,..,..,..,..,..,..,..,..,..,"8,895","1,395","20,030",745,0,"1,230",155,..,"6,105",105,..,"3,235","1,710","14,190",535,"77,065","623,230",325,70,85,-,220,40,115,-,20,20,5,-,-,180,"2,430","4,200",965,515,345
733,Richmond upon Thames,"3,555",165,10,130,30,0,"1,080",90,40,115,30,60,45,45,15,20,185,725,165,290,40,55,75,890,280,305,355,"22,695","1,840","5,520","1,850",0,0,0,0,795,0,50,0,405,0,0,0,105,0,400,0,"1,140",0,"2,605",0,0,0,0,0,"9,990",130,"12,575",775,0,"1,060",105,870,"4,550",210,0,"1,640",..,..,..,..,"483,760",190,20,30,10,100,80,210,-,0,120,45,35,10,"2,335",0,"5,490",830,315,230
734,Sutton,"4,895",230,-,20,15,30,"1,365",95,65,105,140,140,50,35,85,10,160,800,250,275,45,35,15,"1,075",550,285,255,"26,160","1,235","9,350","2,150",250,0,0,0,265,50,85,0,125,0,0,0,0,0,0,0,210,0,"1,505",170,105,0,0,275,"9,915","2,775","13,475",825,0,405,140,0,"9,210",525,0,"1,625","1,210","7,965",350,"62,815","414,180",80,80,0,50,70,30,40,-,0,145,45,30,10,0,"1,600","3,735",685,255,135
735,Waltham Forest,"3,745",485,95,155,0,0,"2,100",125,35,120,70,150,45,15,90,15,180,885,270,300,35,40,35,"1,095",550,320,290,"31,060","1,680","7,175","2,835",865,0,0,0,"1,155",0,0,0,320,0,0,0,0,0,0,0,0,0,0,0,0,0,0,0,"7,550","10,530","12,980",420,0,"1,260",0,"1,300","5,875",0,0,"2,835","1,625","11,465",265,"84,395","596,075",225,10,..,20,135,180,65,35,0,65,10,15,-,..,"1,565","2,580",715,295,140
,,,,,,,,,,,,,,,,,,,,,,,,,,,,,,,,,,,,,,,,,,,,,,,,,,,,,,,,,,,,,,,,,,,,,,,,,,,,,,,,,,,,,,,,,,,,
,England," 1,369,190 "," 98,025 "," 8,005 "," 77,265 "," 8,320 "," 5,060 "," 496,100 "," 37,625 "," 14,835 "," 24,895 "," 29,710 "," 49,555 "," 11,955 "," 13,600 "," 21,975 "," 4,450 "," 41,550 "," 272,880 "," 81,075 "," 68,080 "," 7,575 "," 9,305 "," 8,970 "," 357,970 "," 167,815 "," 73,465 "," 67,685 "," 9,523,140 "," 488,775 "," 1,771,165 "," 597,945 "," 85,375 ", 150 ," 1,095 ", 115 ," 277,980 "," 3,095 "," 11,930 "," 3,825 "," 112,545 "," 2,500 ", 315 ," 1,165 "," 6,630 ", 105 ," 5,285 ", 80 ," 50,380 "," 1,715 "," 135,210 "," 12,175 "," 34,895 "," 4,480 "," 7,880 "," 5,010 "," 2,930,695 "," 881,015 "," 5,711,435 "," 189,510 "," 13,480 "," 285,785 "," 90,420 "," 136,775 "," 1,543,970 "," 108,470 "," 7,385 "," 482,090 "," 751,175 "," 3,249,100 "," 104,970 "," 37,328,700 "," 162,827,335 "," 49,475 "," 48,110 "," 10,545 "," 7,780 "," 47,915 "," 20,900 "," 14,445 "," 13,565 ", 145 ," 18,970 "," 5,565 "," 3,960 "," 1,785 "," 234,730 "," 124,325 "," 1,245,115 "," 209,655 "," 113,055 "," 155,015 "
,,,,,,,,,,,,,,,,,,,,,,,,,,,,,,,,,,,,,,,,,,,,,,,,,,,,,,,,,,,,,,,,,,,,,,,,,,,,,,,,,,,,,,,,,,,,
,,,,,,,,,,,,,,,,,,,,,,,,,,,,,,,,,,,,,,,,,,,,,,,,,,,,,,,,,,,,,,,,,,,,,,,,,,,,,,,,,,,,,,,,,,,,
,1. The numbers presented in the Day Care/ Day Services has changed in 2008-09 and is now the number clients receiving day care or day services per week.  In 2007-08 this was the number of day care sessions. This change to the labelling had not been made on the previous version of this annex although the numbers were correct.,,,,,,,,,,,,,,,,,,,,,,,,,,,,,,,,,,,,,,,,,,,,,,,,,,,,,,,,,,,,,,,,,,,,,,,,,,,,,,,,,,,,,,,,,,,
,,,,,,,,,,,,,,,,,,,,,,,,,,,,,,,,,,,,,,,,,,,,,,,,,,,,,,,,,,,,,,,,,,,,,,,,,,,,,,,,,,,,,,,,,,,,
,,,,,,,,,,,,,,,,,,,,,,,,,,,,,,,,,,,,,,,,,,,,,,,,,,,,,,,,,,,,,,,,,,,,,,,,,,,,,,,,,,,,,,,,,,,,
,,,,,,,,,,,,,,,,,,,,,,,,,,,,,,,,,,,,,,,,,,,,,,,,,,,,,,,,,,,,,,,,,,,,,,,,,,,,,,,,,,,,,,,,,,,,
,,,,,,,,,,,,,,,,,,,,,,,,,,,,,,,,,,,,,,,,,,,,,,,,,,,,,,,,,,,,,,,,,,,,,,,,,,,,,,,,,,,,,,,,,,,,
,,,,,,,,,,,,,,,,,,,,,,,,,,,,,,,,,,,,,,,,,,,,,,,,,,,,,,,,,,,,,,,,,,,,,,,,,,,,,,,,,,,,,,,,,,,,
,,,,,,,,,,,,,,,,,,,,,,,,,,,,,,,,,,,,,,,,,,,,,,,,,,,,,,,,,,,,,,,,,,,,,,,,,,,,,,,,,,,,,,,,,,,,
,,,,,,,,,,,,,,,,,,,,,,,,,,,,,,,,,,,,,,,,,,,,,,,,,,,,,,,,,,,,,,,,,,,,,,,,,,,,,,,,,,,,,,,,,,,,
,,,,,,,,,,,,,,,,,,,,,,,,,,,,,,,,,,,,,,,,,,,,,,,,,,,,,,,,,,,,,,,,,,,,,,,,,,,,,,,,,,,,,,,,,,,,
,,,,,,,,,,,,,,,,,,,,,,,,,,,,,,,,,,,,,,,,,,,,,,,,,,,,,,,,,,,,,,,,,,,,,,,,,,,,,,,,,,,,,,,,,,,,
,,,,,,,,,,,,,,,,,,,,,,,,,,,,,,,,,,,,,,,,,,,,,,,,,,,,,,,,,,,,,,,,,,,,,,,,,,,,,,,,,,,,,,,,,,,,
,,,,,,,,,,,,,,,,,,,,,,,,,,,,,,,,,,,,,,,,,,,,,,,,,,,,,,,,,,,,,,,,,,,,,,,,,,,,,,,,,,,,,,,,,,,,
,,,,,,,,,,,,,,,,,,,,,,,,,,,,,,,,,,,,,,,,,,,,,,,,,,,,,,,,,,,,,,,,,,,,,,,,,,,,,,,,,,,,,,,,,,,,
,,,,,,,,,,,,,,,,,,,,,,,,,,,,,,,,,,,,,,,,,,,,,,,,,,,,,,,,,,,,,,,,,,,,,,,,,,,,,,,,,,,,,,,,,,,,
,,,,,,,,,,,,,,,,,,,,,,,,,,,,,,,,,,,,,,,,,,,,,,,,,,,,,,,,,,,,,,,,,,,,,,,,,,,,,,,,,,,,,,,,,,,,
,,,,,,,,,,,,,,,,,,,,,,,,,,,,,,,,,,,,,,,,,,,,,,,,,,,,,,,,,,,,,,,,,,,,,,,,,,,,,,,,,,,,,,,,,,,,
,,,,,,,,,,,,,,,,,,,,,,,,,,,,,,,,,,,,,,,,,,,,,,,,,,,,,,,,,,,,,,,,,,,,,,,,,,,,,,,,,,,,,,,,,,,,
,,,,,,,,,,,,,,,,,,,,,,,,,,,,,,,,,,,,,,,,,,,,,,,,,,,,,,,,,,,,,,,,,,,,,,,,,,,,,,,,,,,,,,,,,,,,
,,,,,,,,,,,,,,,,,,,,,,,,,,,,,,,,,,,,,,,,,,,,,,,,,,,,,,,,,,,,,,,,,,,,,,,,,,,,,,,,,,,,,,,,,,,,
,,,,,,,,,,,,,,,,,,,,,,,,,,,,,,,,,,,,,,,,,,,,,,,,,,,,,,,,,,,,,,,,,,,,,,,,,,,,,,,,,,,,,,,,,,,,
,,,,,,,,,,,,,,,,,,,,,,,,,,,,,,,,,,,,,,,,,,,,,,,,,,,,,,,,,,,,,,,,,,,,,,,,,,,,,,,,,,,,,,,,,,,,
,,,,,,,,,,,,,,,,,,,,,,,,,,,,,,,,,,,,,,,,,,,,,,,,,,,,,,,,,,,,,,,,,,,,,,,,,,,,,,,,,,,,,,,,,,,,
,,,,,,,,,,,,,,,,,,,,,,,,,,,,,,,,,,,,,,,,,,,,,,,,,,,,,,,,,,,,,,,,,,,,,,,,,,,,,,,,,,,,,,,,,,,,
,,,,,,,,,,,,,,,,,,,,,,,,,,,,,,,,,,,,,,,,,,,,,,,,,,,,,,,,,,,,,,,,,,,,,,,,,,,,,,,,,,,,,,,,,,,,
,,,,,,,,,,,,,,,,,,,,,,,,,,,,,,,,,,,,,,,,,,,,,,,,,,,,,,,,,,,,,,,,,,,,,,,,,,,,,,,,,,,,,,,,,,,,
,,,,,,,,,,,,,,,,,,,,,,,,,,,,,,,,,,,,,,,,,,,,,,,,,,,,,,,,,,,,,,,,,,,,,,,,,,,,,,,,,,,,,,,,,,,,
,,,,,,,,,,,,,,,,,,,,,,,,,,,,,,,,,,,,,,,,,,,,,,,,,,,,,,,,,,,,,,,,,,,,,,,,,,,,,,,,,,,,,,,,,,,,
,,,,,,,,,,,,,,,,,,,,,,,,,,,,,,,,,,,,,,,,,,,,,,,,,,,,,,,,,,,,,,,,,,,,,,,,,,,,,,,,,,,,,,,,,,,,
,,,,,,,,,,,,,,,,,,,,,,,,,,,,,,,,,,,,,,,,,,,,,,,,,,,,,,,,,,,,,,,,,,,,,,,,,,,,,,,,,,,,,,,,,,,,
,,,,,,,,,,,,,,,,,,,,,,,,,,,,,,,,,,,,,,,,,,,,,,,,,,,,,,,,,,,,,,,,,,,,,,,,,,,,,,,,,,,,,,,,,,,,
,,,,,,,,,,,,,,,,,,,,,,,,,,,,,,,,,,,,,,,,,,,,,,,,,,,,,,,,,,,,,,,,,,,,,,,,,,,,,,,,,,,,,,,,,,,,
,,,,,,,,,,,,,,,,,,,,,,,,,,,,,,,,,,,,,,,,,,,,,,,,,,,,,,,,,,,,,,,,,,,,,,,,,,,,,,,,,,,,,,,,,,,,
,,,,,,,,,,,,,,,,,,,,,,,,,,,,,,,,,,,,,,,,,,,,,,,,,,,,,,,,,,,,,,,,,,,,,,,,,,,,,,,,,,,,,,,,,,,,
,,,,,,,,,,,,,,,,,,,,,,,,,,,,,,,,,,,,,,,,,,,,,,,,,,,,,,,,,,,,,,,,,,,,,,,,,,,,,,,,,,,,,,,,,,,,
,,,,,,,,,,,,,,,,,,,,,,,,,,,,,,,,,,,,,,,,,,,,,,,,,,,,,,,,,,,,,,,,,,,,,,,,,,,,,,,,,,,,,,,,,,,,
,,,,,,,,,,,,,,,,,,,,,,,,,,,,,,,,,,,,,,,,,,,,,,,,,,,,,,,,,,,,,,,,,,,,,,,,,,,,,,,,,,,,,,,,,,,,
,,,,,,,,,,,,,,,,,,,,,,,,,,,,,,,,,,,,,,,,,,,,,,,,,,,,,,,,,,,,,,,,,,,,,,,,,,,,,,,,,,,,,,,,,,,,
,,,,,,,,,,,,,,,,,,,,,,,,,,,,,,,,,,,,,,,,,,,,,,,,,,,,,,,,,,,,,,,,,,,,,,,,,,,,,,,,,,,,,,,,,,,,
,,,,,,,,,,,,,,,,,,,,,,,,,,,,,,,,,,,,,,,,,,,,,,,,,,,,,,,,,,,,,,,,,,,,,,,,,,,,,,,,,,,,,,,,,,,,
,,,,,,,,,,,,,,,,,,,,,,,,,,,,,,,,,,,,,,,,,,,,,,,,,,,,,,,,,,,,,,,,,,,,,,,,,,,,,,,,,,,,,,,,,,,,
,,,,,,,,,,,,,,,,,,,,,,,,,,,,,,,,,,,,,,,,,,,,,,,,,,,,,,,,,,,,,,,,,,,,,,,,,,,,,,,,,,,,,,,,,,,,
,,,,,,,,,,,,,,,,,,,,,,,,,,,,,,,,,,,,,,,,,,,,,,,,,,,,,,,,,,,,,,,,,,,,,,,,,,,,,,,,,,,,,,,,,,,,
,,,,,,,,,,,,,,,,,,,,,,,,,,,,,,,,,,,,,,,,,,,,,,,,,,,,,,,,,,,,,,,,,,,,,,,,,,,,,,,,,,,,,,,,,,,,
,,,,,,,,,,,,,,,,,,,,,,,,,,,,,,,,,,,,,,,,,,,,,,,,,,,,,,,,,,,,,,,,,,,,,,,,,,,,,,,,,,,,,,,,,,,,
,,,,,,,,,,,,,,,,,,,,,,,,,,,,,,,,,,,,,,,,,,,,,,,,,,,,,,,,,,,,,,,,,,,,,,,,,,,,,,,,,,,,,,,,,,,,
,,,,,,,,,,,,,,,,,,,,,,,,,,,,,,,,,,,,,,,,,,,,,,,,,,,,,,,,,,,,,,,,,,,,,,,,,,,,,,,,,,,,,,,,,,,,
,,,,,,,,,,,,,,,,,,,,,,,,,,,,,,,,,,,,,,,,,,,,,,,,,,,,,,,,,,,,,,,,,,,,,,,,,,,,,,,,,,,,,,,,,,,,
,,,,,,,,,,,,,,,,,,,,,,,,,,,,,,,,,,,,,,,,,,,,,,,,,,,,,,,,,,,,,,,,,,,,,,,,,,,,,,,,,,,,,,,,,,,,
,,,,,,,,,,,,,,,,,,,,,,,,,,,,,,,,,,,,,,,,,,,,,,,,,,,,,,,,,,,,,,,,,,,,,,,,,,,,,,,,,,,,,,,,,,,,
,,,,,,,,,,,,,,,,,,,,,,,,,,,,,,,,,,,,,,,,,,,,,,,,,,,,,,,,,,,,,,,,,,,,,,,,,,,,,,,,,,,,,,,,,,,,
,,,,,,,,,,,,,,,,,,,,,,,,,,,,,,,,,,,,,,,,,,,,,,,,,,,,,,,,,,,,,,,,,,,,,,,,,,,,,,,,,,,,,,,,,,,,
,,,,,,,,,,,,,,,,,,,,,,,,,,,,,,,,,,,,,,,,,,,,,,,,,,,,,,,,,,,,,,,,,,,,,,,,,,,,,,,,,,,,,,,,,,,,
,,,,,,,,,,,,,,,,,,,,,,,,,,,,,,,,,,,,,,,,,,,,,,,,,,,,,,,,,,,,,,,,,,,,,,,,,,,,,,,,,,,,,,,,,,,,
,,,,,,,,,,,,,,,,,,,,,,,,,,,,,,,,,,,,,,,,,,,,,,,,,,,,,,,,,,,,,,,,,,,,,,,,,,,,,,,,,,,,,,,,,,,,
,,,,,,,,,,,,,,,,,,,,,,,,,,,,,,,,,,,,,,,,,,,,,,,,,,,,,,,,,,,,,,,,,,,,,,,,,,,,,,,,,,,,,,,,,,,,
,,,,,,,,,,,,,,,,,,,,,,,,,,,,,,,,,,,,,,,,,,,,,,,,,,,,,,,,,,,,,,,,,,,,,,,,,,,,,,,,,,,,,,,,,,,,
,,,,,,,,,,,,,,,,,,,,,,,,,,,,,,,,,,,,,,,,,,,,,,,,,,,,,,,,,,,,,,,,,,,,,,,,,,,,,,,,,,,,,,,,,,,,
,,,,,,,,,,,,,,,,,,,,,,,,,,,,,,,,,,,,,,,,,,,,,,,,,,,,,,,,,,,,,,,,,,,,,,,,,,,,,,,,,,,,,,,,,,,,
,,,,,,,,,,,,,,,,,,,,,,,,,,,,,,,,,,,,,,,,,,,,,,,,,,,,,,,,,,,,,,,,,,,,,,,,,,,,,,,,,,,,,,,,,,,,
,,,,,,,,,,,,,,,,,,,,,,,,,,,,,,,,,,,,,,,,,,,,,,,,,,,,,,,,,,,,,,,,,,,,,,,,,,,,,,,,,,,,,,,,,,,,
,,,,,,,,,,,,,,,,,,,,,,,,,,,,,,,,,,,,,,,,,,,,,,,,,,,,,,,,,,,,,,,,,,,,,,,,,,,,,,,,,,,,,,,,,,,,
,,,,,,,,,,,,,,,,,,,,,,,,,,,,,,,,,,,,,,,,,,,,,,,,,,,,,,,,,,,,,,,,,,,,,,,,,,,,,,,,,,,,,,,,,,,,
,,,,,,,,,,,,,,,,,,,,,,,,,,,,,,,,,,,,,,,,,,,,,,,,,,,,,,,,,,,,,,,,,,,,,,,,,,,,,,,,,,,,,,,,,,,,
,,,,,,,,,,,,,,,,,,,,,,,,,,,,,,,,,,,,,,,,,,,,,,,,,,,,,,,,,,,,,,,,,,,,,,,,,,,,,,,,,,,,,,,,,,,,
,,,,,,,,,,,,,,,,,,,,,,,,,,,,,,,,,,,,,,,,,,,,,,,,,,,,,,,,,,,,,,,,,,,,,,,,,,,,,,,,,,,,,,,,,,,,
,,,,,,,,,,,,,,,,,,,,,,,,,,,,,,,,,,,,,,,,,,,,,,,,,,,,,,,,,,,,,,,,,,,,,,,,,,,,,,,,,,,,,,,,,,,,
,,,,,,,,,,,,,,,,,,,,,,,,,,,,,,,,,,,,,,,,,,,,,,,,,,,,,,,,,,,,,,,,,,,,,,,,,,,,,,,,,,,,,,,,,,,,
,,,,,,,,,,,,,,,,,,,,,,,,,,,,,,,,,,,,,,,,,,,,,,,,,,,,,,,,,,,,,,,,,,,,,,,,,,,,,,,,,,,,,,,,,,,,
,,,,,,,,,,,,,,,,,,,,,,,,,,,,,,,,,,,,,,,,,,,,,,,,,,,,,,,,,,,,,,,,,,,,,,,,,,,,,,,,,,,,,,,,,,,,
,,,,,,,,,,,,,,,,,,,,,,,,,,,,,,,,,,,,,,,,,,,,,,,,,,,,,,,,,,,,,,,,,,,,,,,,,,,,,,,,,,,,,,,,,,,,
,,,,,,,,,,,,,,,,,,,,,,,,,,,,,,,,,,,,,,,,,,,,,,,,,,,,,,,,,,,,,,,,,,,,,,,,,,,,,,,,,,,,,,,,,,,,
,,,,,,,,,,,,,,,,,,,,,,,,,,,,,,,,,,,,,,,,,,,,,,,,,,,,,,,,,,,,,,,,,,,,,,,,,,,,,,,,,,,,,,,,,,,,
,,,,,,,,,,,,,,,,,,,,,,,,,,,,,,,,,,,,,,,,,,,,,,,,,,,,,,,,,,,,,,,,,,,,,,,,,,,,,,,,,,,,,,,,,,,,
,,,,,,,,,,,,,,,,,,,,,,,,,,,,,,,,,,,,,,,,,,,,,,,,,,,,,,,,,,,,,,,,,,,,,,,,,,,,,,,,,,,,,,,,,,,,
,,,,,,,,,,,,,,,,,,,,,,,,,,,,,,,,,,,,,,,,,,,,,,,,,,,,,,,,,,,,,,,,,,,,,,,,,,,,,,,,,,,,,,,,,,,,
,,,,,,,,,,,,,,,,,,,,,,,,,,,,,,,,,,,,,,,,,,,,,,,,,,,,,,,,,,,,,,,,,,,,,,,,,,,,,,,,,,,,,,,,,,,,
,,,,,,,,,,,,,,,,,,,,,,,,,,,,,,,,,,,,,,,,,,,,,,,,,,,,,,,,,,,,,,,,,,,,,,,,,,,,,,,,,,,,,,,,,,,,
,,,,,,,,,,,,,,,,,,,,,,,,,,,,,,,,,,,,,,,,,,,,,,,,,,,,,,,,,,,,,,,,,,,,,,,,,,,,,,,,,,,,,,,,,,,,
,,,,,,,,,,,,,,,,,,,,,,,,,,,,,,,,,,,,,,,,,,,,,,,,,,,,,,,,,,,,,,,,,,,,,,,,,,,,,,,,,,,,,,,,,,,,
,,,,,,,,,,,,,,,,,,,,,,,,,,,,,,,,,,,,,,,,,,,,,,,,,,,,,,,,,,,,,,,,,,,,,,,,,,,,,,,,,,,,,,,,,,,,
,,,,,,,,,,,,,,,,,,,,,,,,,,,,,,,,,,,,,,,,,,,,,,,,,,,,,,,,,,,,,,,,,,,,,,,,,,,,,,,,,,,,,,,,,,,,
,,,,,,,,,,,,,,,,,,,,,,,,,,,,,,,,,,,,,,,,,,,,,,,,,,,,,,,,,,,,,,,,,,,,,,,,,,,,,,,,,,,,,,,,,,,,
,,,,,,,,,,,,,,,,,,,,,,,,,,,,,,,,,,,,,,,,,,,,,,,,,,,,,,,,,,,,,,,,,,,,,,,,,,,,,,,,,,,,,,,,,,,,
,,,,,,,,,,,,,,,,,,,,,,,,,,,,,,,,,,,,,,,,,,,,,,,,,,,,,,,,,,,,,,,,,,,,,,,,,,,,,,,,,,,,,,,,,,,,
,,,,,,,,,,,,,,,,,,,,,,,,,,,,,,,,,,,,,,,,,,,,,,,,,,,,,,,,,,,,,,,,,,,,,,,,,,,,,,,,,,,,,,,,,,,,
,,,,,,,,,,,,,,,,,,,,,,,,,,,,,,,,,,,,,,,,,,,,,,,,,,,,,,,,,,,,,,,,,,,,,,,,,,,,,,,,,,,,,,,,,,,,
,,,,,,,,,,,,,,,,,,,,,,,,,,,,,,,,,,,,,,,,,,,,,,,,,,,,,,,,,,,,,,,,,,,,,,,,,,,,,,,,,,,,,,,,,,,,
