"PSS EXPENDITURE IN 2006-07 INCL SSMSS COSTS ALLOCATED TO SERVICE LINES ON A PRO-RATA BASIS (Incl SSMSS Sheet)","...2","...3","...4","...5","...6","...7","...8","...9","...10","...11","...12","...13","...14","...15","...16","...17","...18","PSS EX1 Return for 2006-07 Version 1a"
NA,NA,NA,NA,NA,NA,NA,NA,NA,NA,NA,NA,NA,NA,NA,NA,NA,NA,NA
NA,NA,"GROSS TOTAL COST (Current expenditure including capital charges)",NA,NA,NA,NA,NA,NA,NA,NA,"INCOME",NA,NA,NA,NA,"NET","NET","GROSS"
"Service",NA,"Own provision (including joint arrangements)",NA,NA,"Provision by others",NA,NA,"Total (including joint arrangements)",NA,NA,"Client","Joint","Income","Other","TOTAL","CURRENT","TOTAL","CURRENT"
NA,NA,"Expenditure","Capital","Expenditure","Expenditure","Capital","Expenditure","Expenditure","Capital","Expenditure","contributions","arrangements","from","income","INCOME","EXPENDITURE","COST","EXPENDITURE"
NA,NA,"including","charges","excluding","including","charges","excluding","including","charges","excluding","(Sales,",NA,"NHS",NA,"(including",NA,NA,NA
NA,NA,"capital",NA,"capital","capital","(council's","capital","capital","(council's","capital","Fees and",NA,NA,NA,"joint",NA,NA,NA
NA,NA,"charges",NA,"charges","charges","own assets)","charges","charges","own assets)","charges","Charges)",NA,NA,NA,"arrangements)",NA,NA,NA
"col A","col B","col C","col D","col E = C - D","col F","col G","col H = F - G","Col I = C + F","Col J = D + G","Col K = E + H","col L","col M","col N","col O","col P = (L to O)","col Q = K - P","col R = I - P","col S = K - M - N - O"
"A:","SERVICE STRATEGY","You have not selected your council",NA,NA,NA,NA,NA,NA,NA,NA,NA,NA,NA,NA,NA,NA,NA,NA
NA,NA,NA,NA,NA,NA,NA,NA,NA,NA,NA,NA,NA,NA,NA,NA,NA,NA,NA
"A1","Strategic management","12754.830699094555","306.589","12448.241699094557","754.73391578761266","0","754.73391578761266","13509.564614882167","306.589","13202.975614882169","154.18299999999999","179","222","1113.2930000000001","1668.4759999999999","11534.499614882168","11841.088614882168","11688.682614882167"
NA,"of which (where known): Children's and families services","2049.8068633954081","5","2044.8068633954083","156.31399999999999","0","156.31399999999999","2206.1208633954084","5","2201.1208633954084","34.364000000000004","0","22","10","66.364000000000004","2134.7568633954083","2139.7568633954083","2169.1208633954084"
NA,"Adults' services","7237.5712890426212","89","7148.5712890426212","595.32899999999995","0","595.32899999999995","7832.9002890426209","89","7743.9002890426209","119.819","192","230","926.09100000000001","1467.9100000000001","6275.990289042622","6364.990289042622","6395.8092890426215"
NA,"Generic services","3467.4525466565237","212.589","3254.8635466565238","3.0909157876127056","0","3.0909157876127056","3470.5434624441359","212.589","3257.954462444136","0","-13","-30","177.202","134.202","3123.7524624441362","3336.3414624441361","3123.7524624441362"
"A2","Complaints procedures","2338.5436199435653","17","2321.5436199435653","50","0","50","2388.5436199435653","17","2371.5436199435653","0","40","22","-65.439999999999998","-3.4399999999999999","2374.9836199435649","2391.9836199435649","2374.9836199435649"
NA,"of which (where known): Children's and families services","561.41908151836765","0","561.41908151836765","0","0","0","561.41908151836765","0","561.41908151836765","0","0","0","4.5599999999999996","4.5599999999999996","556.8590815183677","556.8590815183677","556.8590815183677"
NA,"Adults' services","794.03945023572965","1","793.03945023572965","38","0","38","832.03945023572965","1","831.03945023572965","0","40","0","0","40","791.03945023572965","792.03945023572965","791.03945023572965"
NA,"Generic services","983.08508818946746","16","967.08508818946746","12","0","12","995.08508818946746","16","979.08508818946746","0","0","22","-70","-48","1027.0850881894676","1043.0850881894676","1027.0850881894676"
"A3","TOTAL SERVICE STRATEGY (LINES A1 to A2)","15093.374319038119","323.589","14769.785319038119","804.73391578761266","0","804.73391578761266","15898.108234825733","323.589","15574.519234825733","154.18299999999999","219","244","1047.8530000000001","1665.0360000000001","13909.483234825733","14233.072234825733","14063.666234825732"
NA,"of which (where known): Children's and families services","2611.2259449137764","5","2606.2259449137764","156.31399999999999","0","156.31399999999999","2767.5399449137758","5","2762.5399449137758","34.364000000000004","0","22","14.56","70.924000000000007","2691.6159449137758","2696.6159449137758","2725.9799449137759"
NA,"Adults' services","8031.6107392783506","90","7941.6107392783506","633.32899999999995","0","633.32899999999995","8664.9397392783503","90","8574.9397392783503","119.819","232","230","926.09100000000001","1507.9100000000001","7067.0297392783514","7157.0297392783514","7186.8487392783509"
NA,"Generic services","4450.5376348459904","228.589","4221.9486348459905","15.090915787612705","0","15.090915787612705","4465.6285506336035","228.589","4237.0395506336035","0","-13","-8","107.202","86.201999999999998","4150.8375506336033","4379.4265506336033","4150.8375506336033"
NA,NA,NA,NA,NA,NA,NA,NA,NA,NA,NA,NA,NA,NA,NA,NA,NA,NA,NA
"B:","CHILDREN'S AND FAMILIES SERVICES",NA,NA,NA,NA,NA,NA,NA,NA,NA,NA,NA,NA,NA,NA,NA,NA,NA
NA,NA,NA,NA,NA,NA,NA,NA,NA,NA,NA,NA,NA,NA,NA,NA,NA,NA,NA
"BA:","Children's services - commissioning and social work",NA,NA,NA,NA,NA,NA,NA,NA,NA,NA,NA,NA,NA,NA,NA,NA,NA
NA,NA,NA,NA,NA,NA,NA,NA,NA,NA,NA,NA,NA,NA,NA,NA,NA,NA,NA
"BA1","Commissioning and social work","240964.84231406663","1067.4914239791469","239897.35089008746","9763.8188474593771","0","9763.8188474593771","250728.66116152602","1067.4914239791469","249661.16973754688","987.43799999999999","1221.2656099999999","822.33799999999997","5189.7679400000006","8220.8095500000018","241440.36018754684","242507.85161152598","242427.79818754687"
"BA2","Total children's services - commissioning and social work (line BA1)","240964.84231406663","1067.4914239791469","239897.35089008746","9763.8188474593771","0","9763.8188474593771","250728.66116152602","1067.4914239791469","249661.16973754688","987.43799999999999","1221.2656099999999","822.33799999999997","5189.7679400000006","8220.8095500000018","241440.36018754684","242507.85161152598","242427.79818754687"
NA,NA,NA,NA,NA,NA,NA,NA,NA,NA,NA,NA,NA,NA,NA,NA,NA,NA,NA
"BB:","Children looked after",NA,NA,NA,NA,NA,NA,NA,NA,NA,NA,NA,NA,NA,NA,NA,NA,NA
NA,NA,NA,NA,NA,NA,NA,NA,NA,NA,NA,NA,NA,NA,NA,NA,NA,NA,NA
"BB1","Children's homes","73028.49725893703","1371.4104836003114","71657.08677533672","99307.005693635714","31","99276.005693635714","172335.50295257274","1402.4104836003114","170933.09246897243","514.23000000000002","429","4158.2530000000006","1477.9589999999998","6579.442","164353.65046897242","165756.06095257276","164867.88046897246"
"BB2","Secure accommodation (welfare)","938.23435031371923","3.2029999999999998","935.03135031371926","4465.5894083376261","0","4465.5894083376261","5403.8237586513451","3.2029999999999998","5400.6207586513456","1.825","27","160","198.28399999999999","387.10899999999998","5013.5117586513452","5016.7147586513456","5015.336758651345"
"BB3","Fostering services","127426.62416682368","102.434","127324.19016682367","74529.70380690576","5","74524.70380690576","201956.32797372944","107.434","201848.89397372943","1475.8609999999999","295.08334000000002","254.16400000000002","797.45400000000018","2822.5623400000004","199026.33163372945","199133.76563372946","200502.19263372946"
"BB4","Other children looked after services","13165.007017454669","118.607","13046.400017454669","4186.3883744781879","0","4186.3883744781879","17351.395391932856","118.607","17232.788391932856","-0.90599999999999992","-4","299","423.63299999999998","717.72699999999998","16515.061391932853","16633.668391932857","16514.155391932854"
"BB5","Total children looked after (lines BB1 to BB4)","214558.36279352909","1595.6544836003116","212962.70830992874","182488.68728335731","36","182452.68728335731","397047.05007688643","1631.6544836003116","395415.39559328608","1991.01","747.08334000000002","4871.4170000000004","2897.3299999999999","10506.840340000001","384908.55525328603","386540.20973688643","386899.56525328604"
NA,NA,NA,NA,NA,NA,NA,NA,NA,NA,NA,NA,NA,NA,NA,NA,NA,NA,NA
"BC:","Family support services",NA,NA,NA,NA,NA,NA,NA,NA,NA,NA,NA,NA,NA,NA,NA,NA,NA
NA,NA,NA,NA,NA,NA,NA,NA,NA,NA,NA,NA,NA,NA,NA,NA,NA,NA,NA
"BC1","Family centres","28880.452413258969","845.03719000000001","28035.415223258969","1217.3095044364384","0","1217.3095044364384","30097.761917695407","845.03719000000001","29252.724727695408","182.99974","101","178","637.86403999999993","1099.8637799999999","28152.860947695408","28997.898137695411","28335.860687695407"
"BC2","Services for under 8s","20903.472036711606","224.5836033319415","20678.888433379667","1481.8398062416718","0","1481.8398062416718","22385.311842953281","224.5836033319415","22160.728239621334","786.08400000000006","23.093","0","702.32648000000006","1511.5034799999999","20649.224759621335","20873.808362953278","21435.308759621337"
"BC3","Direct payments","0","0","0","4669.8922044698775","0.40000000000000002","4669.4922044698769","4669.8922044698775","0.40000000000000002","4669.4922044698769","9.2119999999999997","0","97","43","149.21199999999999","4520.2802044698774","4520.680204469877","4529.4922044698769"
"BC4","Home care","2726.0009186260595","1.3999999999999999","2724.6009186260594","1630.7144629121069","0","1630.7144629121069","4356.7153815381653","1.3999999999999999","4355.3153815381656","16.18","71","61.960999999999999","63.106000000000002","212.24700000000001","4143.0683815381644","4144.468381538165","4159.2483815381647"
"BC5","Equipment and adaptations","1246.2675857695933","4.1701483423805481","1242.0974374272125","569.06130827184279","0","569.06130827184279","1815.3288940414363","4.1701483423805481","1811.1587456990558","0","-2","-8","-7","-17","1828.1587456990558","1832.3288940414363","1828.1587456990558"
"BC6","Other family support services","57065.378587393621","467.5607517377166","56597.817835655907","15907.167298258339","5","15902.167298258339","72972.54588565194","472.5607517377166","72499.985133914233","68.398499999999999","570","635.01599999999996","1633.7551600000002","2907.16966","69592.815473914219","70065.376225651955","69661.213973914229"
"BC7","Total family support services (lines BC1 to BC6)","110821.57154175984","1542.7516934120388","109278.8198483478","25475.984584590278","5.4000000000000004","25470.58458459028","136297.5561263501","1548.1516934120386","134749.40443293808","1062.8742400000001","763.09299999999996","963.97699999999998","3073.05168","5862.9959200000003","128886.40851293807","130434.56020635013","129949.28275293807"
NA,NA,NA,NA,NA,NA,NA,NA,NA,NA,NA,NA,NA,NA,NA,NA,NA,NA,NA
"BD:","Youth justice",NA,NA,NA,NA,NA,NA,NA,NA,NA,NA,NA,NA,NA,NA,NA,NA,NA
NA,NA,NA,NA,NA,NA,NA,NA,NA,NA,NA,NA,NA,NA,NA,NA,NA,NA,NA
"BD1","Secure accommodation (justice)","945.76871187263316","13.935","931.83371187263322","1079.4332821875673","0","1079.4332821875673","2025.2019940602006","13.935","2011.2669940602007","7.2999999999999998","337","0","85","429.30000000000001","1581.9669940602005","1595.9019940602004","1589.2669940602007"
"BD2","Youth offender teams","38821.495946491428","130.52800000000002","38690.96794649143","3253.825539599753","0","3253.825539599753","42075.321486091183","130.52800000000002","41944.793486091177","315.81600000000003","2128.2617999999993","190.75900000000001","6270.6370000000006","8905.4737999999998","33039.319686091185","33169.847686091176","33355.135686091176"
"BD3","Other youth justice services","8267.3691291939049","4","8263.3691291939049","892.91707663930424","0","892.91707663930424","9160.2862058332084","4","9156.2862058332084","36.259999999999998","291.39499999999998","0","2278.2359999999999","2605.8910000000001","6550.3952058332088","6554.3952058332088","6586.655205833209"
"BD4","Total youth justice (lines BD1 to BD3)","48034.63378755797","148.46300000000002","47886.170787557967","5226.1758984266253","0","5226.1758984266253","53260.809685984597","148.46300000000002","53112.346685984594","359.37600000000003","2756.6567999999997","190.75900000000001","8633.8729999999996","11940.6648","41171.681885984581","41320.144885984584","41531.057885984585"
NA,NA,NA,NA,NA,NA,NA,NA,NA,NA,NA,NA,NA,NA,NA,NA,NA,NA,NA
"BE:","Other children's and families services",NA,NA,NA,NA,NA,NA,NA,NA,NA,NA,NA,NA,NA,NA,NA,NA,NA
NA,NA,NA,NA,NA,NA,NA,NA,NA,NA,NA,NA,NA,NA,NA,NA,NA,NA,NA
"BE1","Adoption services","32131.126253410101","143.488","31987.638253410099","8097.19660279243","0.5","8096.69660279243","40228.32285620254","143.988","40084.334856202535","255.37299999999999","274.29732999999999","3","1240.354","1773.02433","38311.310526202535","38455.29852620254","38566.683526202534"
"BE2","Leaving care services","25045.542948465329","14.289710300020353","25031.253238165307","5949.7762399259473","0.5","5949.2762399259473","30995.31918839127","14.789710300020353","30980.529478091255","20.667000000000002","80","4","474.60939999999994","579.27639999999997","30401.253078091257","30416.042788391278","30421.920078091258"
"BE3","Other other children's and families services","16493.034287421939","171.41125870848271","16321.623028713457","9544.3455146032993","1.3999999999999999","9542.9455146033015","26037.37980202524","172.81125870848274","25864.568543316756","87.00200000000001","505.55000000000001","4","930.721","1527.2730000000001","24337.295543316759","24510.106802025239","24424.297543316759"
"BE4","Total other children's and families services (lines BE1 to BE3)","73669.703489297375","329.18896900850308","73340.514520288867","23591.318357321677","2.3999999999999999","23588.918357321676","97261.021846619042","331.58896900850306","96929.432877610539","363.04200000000003","859.84733000000006","11","2645.6844000000006","3879.5737300000001","93049.85914761055","93381.448116619053","93412.901147610552"
NA,NA,NA,NA,NA,NA,NA,NA,NA,NA,NA,NA,NA,NA,NA,NA,NA,NA,NA
"B1","TOTAL CHILDREN'S AND FAMILIES SERVICES excluding SP (LINES BA2+BB5+BC7+BD4+BE4)","688049.11392621091","4683.5495700000001","683365.56435621087","246545.98497115527","43.799999999999997","246502.18497115525","934595.0988973662","4727.3495700000003","929867.74932736612","4763.7402400000001","6347.9460799999997","6859.4909999999991","22439.707020000002","40410.884339999997","889456.86498736602","894184.21455736598","894220.60522736597"
"B2","Supporting People (SP)","681.86904084659022","0","681.86904084659022","528.89599999999996","0","528.89599999999996","1210.7650408465902","0","1210.7650408465902","0","0","0","0","0","1210.7650408465902","1210.7650408465902","1210.7650408465902"
"B3","TOTAL CHILDREN'S AND FAMILIES SERVICES including SP (LINES BA2+BB5+BC7+BD4+BE4+B2)","688730.9829670575","4683.5495700000001","684047.43339705747","247074.88097115527","43.799999999999997","247031.08097115526","935805.86393821274","4727.3495700000003","931078.51436821267","4763.7402400000001","6347.9460799999997","6859.4909999999991","22439.707020000002","40410.884339999997","890667.63002821256","895394.97959821264","895431.37026821263"
NA,NA,NA,NA,NA,NA,NA,NA,NA,NA,NA,NA,NA,NA,NA,NA,NA,NA,NA
"C:","OLDER PEOPLE (AGED 65 OR OVER) INCLUDING OLDER MENTALLY ILL",NA,NA,NA,NA,NA,NA,NA,NA,NA,NA,NA,NA,NA,NA,NA,NA,NA
NA,NA,NA,NA,NA,NA,NA,NA,NA,NA,NA,NA,NA,NA,NA,NA,NA,NA,NA
"C1","Assessment and care management","171029.39035896806","1635.74","169393.65035896807","3148.4070416752106","0.025999999999999999","3148.3810416752099","174177.79740064326","1635.7659999999998","172542.03140064326","435.56979149537119","1190.7780000000002","4650.9960000000001","3921.5304998532038","10198.874291348575","162343.15710929467","163978.92310929467","162778.72690079006"
"C2","Nursing care placements","0","0","0","245414.03216616213","58.613","245355.41916616217","245414.03216616213","58.613","245355.41916616217","68367.598829999988","2951.444","5866.5539999999992","1976.9396000000002","79162.536429999993","166192.88273616217","166251.49573616218","234560.48156616217"
"C3","Residential care placements","171129.8892461416","4892.8999999999996","166236.98924614157","426718.33426260116","419","426299.33426260116","597848.22350874252","5311.8999999999996","592536.32350874261","173908.81127000001","648.72500000000002","13809.252","3504.8795600000003","191871.66783000002","400664.65567874262","405976.55567874276","574573.46694874263"
"C4","Supported and other accommodation","3930.9184624531013","409.89699999999999","3521.0214624531009","1810.5659713197019","0","1810.5659713197019","5741.4844337728027","409.89699999999999","5331.5874337728028","767.43700000000001","0","223","621.13999999999999","1611.577","3720.010433772803","4129.9074337728025","4487.4474337728034"
"C5","Direct payments","0","0","0","13633.843657765599","11.827","13622.0166577656","13633.843657765599","11.827","13622.0166577656","478.36905000000002","0","84.787999999999997","65.426999999999992","628.58404999999993","12993.432607765597","13005.259607765598","13471.801657765598"
"C6","Home care","120053.12620464696","957.74199999999996","119095.38420464697","186397.63152998863","17","186380.63152998863","306450.75773463555","974.74199999999996","305476.01573463553","42548.992420000002","610.37299999999993","3188.9949999999999","1429.3824500000001","47777.742870000002","257698.2728646356","258673.01486463562","300247.26528463559"
"C7","Day care","40352.03112645635","1067.97","39284.061126456356","16051.591042282733","22","16029.591042282733","56403.622168739086","1089.97","55313.652168739085","3075.1194599999999","51","781.78700000000003","599.01307999999995","4506.9195399999999","50806.732628739097","51896.702628739091","53881.852088739091"
"C8","Equipment and adaptations","17808.562273678137","420.84199999999998","17387.720273678136","4252.4742450637814","0","4252.4742450637814","22061.036518741919","420.84199999999998","21640.194518741919","1168.2860000000001","430.661","1382.684","169.572","3151.203","18488.991518741917","18909.833518741914","19657.277518741917"
"C9","Meals","7425.436153772418","197.512","7227.9241537724174","6575.3612156912823","2.3580000000000001","6573.0032156912821","14000.797369463698","199.87","13800.927369463696","5215.8101999999999","0","0.070999999999999994","930.4143499999999","6146.2955499999998","7654.6318194636997","7854.5018194636996","12870.442019463699"
"C10","Other services to older people","32251.599569950107","1823.155","30428.444569950108","13090.516517718666","17.25","13073.266517718666","45342.116087668772","1840.405","43501.711087668773","1782.81429","738.41899999999998","1737.1320000000001","1541.0192999999999","5799.3845899999997","37702.326497668764","39542.73149766877","39485.140787668774"
"C11","TOTAL OLDER PEOPLE excluding Supporting People (LINES C1 to C10)","563980.95339606679","11405.758000000002","552575.19539606664","917092.75765026885","548.07400000000007","916544.68365026882","1481073.7110463355","11953.832","1469119.8790463358","297748.80831149535","6621.3999999999996","31725.258999999998","14759.317839853202","350854.78515134857","1118265.0938949871","1130218.9258949868","1416013.9022064828"
"C12","Supporting People","3033.4280728312547","10.172000000000001","3023.2560728312546","3049.2326839100556","0","3049.2326839100556","6082.6607567413093","10.172000000000001","6072.4887567413098","1.774","0","0","499","500.774","5571.7147567413103","5581.8867567413099","5573.4887567413098"
"C13","TOTAL OLDER PEOPLE including Supporting People (LINES C11+C12)","567014.38146889803","11415.93","555598.45146889798","920141.99033417902","548.07400000000007","919593.916334179","1487156.3718030772","11964.003999999999","1475192.3678030772","297750.58231149532","6621.3999999999996","31725.258999999998","15258.317839853202","351355.5591513486","1123836.8086517283","1135800.8126517283","1421587.390963224"
NA,NA,NA,NA,NA,NA,NA,NA,NA,NA,NA,NA,NA,NA,NA,NA,NA,NA,NA
"D:","ADULTS AGED UNDER 65 WITH A PHYSICAL DISABILITY OR SENSORY IMPAIRMENT",NA,NA,NA,NA,NA,NA,NA,NA,NA,NA,NA,NA,NA,NA,NA,NA,NA
NA,NA,NA,NA,NA,NA,NA,NA,NA,NA,NA,NA,NA,NA,NA,NA,NA,NA,NA
"D1","Assessment and care management","43664.864523990822","578.07899999999995","43086.785523990824","1420.8857714652127","0.0040000000000000001","1420.8817714652123","45085.750295456048","578.08299999999997","44507.667295456049","229.13837491841383","308.82900000000001","393.22500000000002","1320.0613685339331","2251.253743452347","42256.413552003694","42834.496552003693","42485.551926922111"
"D2","Nursing care placements","0","0","0","25095.277881825175","2.1000000000000001","25093.177881825177","25095.277881825175","2.1000000000000001","25093.177881825177","3710.8100199999999","167.54499999999999","1930.4549999999999","252.22031000000001","6061.0303299999996","19032.147551825175","19034.247551825174","22742.957571825176"
"D3","Residential care placements","4439.7225982974778","204.38","4235.3425982974768","35432.265214420549","3","35429.265214420549","39871.98781271802","207.38","39664.607812718023","4937.5442300000004","352","815.03499999999997","468.90100000000001","6573.4802300000001","33091.127582718022","33298.507582718019","38028.671812718028"
"D4","Supported and other accommodation","1284.1174783310712","6","1278.1174783310712","910.53144968019512","0","910.53144968019512","2194.6489280112664","6","2188.6489280112664","22","39","89","530.89999999999998","680.89999999999998","1507.7489280112663","1513.7489280112663","1529.7489280112663"
"D5","Direct payments","0","0","0","34260.62430986805","4.2000000000000002","34256.424309868053","34260.62430986805","4.2000000000000002","34256.424309868053","609.47358999999994","27","390.226","569.03200000000004","1595.7315900000001","32660.692719868061","32664.892719868058","33270.166309868051"
"D6","Home care","11121.968401753773","75.700000000000003","11046.268401753772","40188.208912579852","5","40183.208912579852","51310.177314333632","80.700000000000003","51229.477314333628","4286.0788799999991","105","1338.1790000000001","1035.9779999999998","6765.2358799999993","44464.241434333628","44544.941434333625","48750.320314333636"
"D7","Day care","14769.652301188358","802.61500000000001","13967.037301188358","4698.984238055843","30.743000000000002","4668.2412380558426","19468.636539244202","833.35799999999983","18635.278539244202","561.84182999999996","22","47.037999999999997","487.25","1118.1298300000001","17517.1487092442","18350.506709244197","18078.990539244201"
"D8","Equipment and adaptations","13746.91182154365","281.90800000000002","13465.003821543651","2818.3562132070442","171","2647.3562132070442","16565.268034750698","452.90800000000002","16112.360034750696","262.82400000000001","4088.3159999999998","1309.6790000000001","60","5720.8190000000004","10391.541034750699","10844.449034750698","10654.365034750699"
"D9","Meals","187.80412087097289","1","186.80412087097289","128.46885636327335","0","128.46885636327335","316.27297723424624","1","315.27297723424624","131.80000000000001","0","0","4","135.80000000000001","179.47297723424626","180.47297723424626","311.27297723424624"
"D10","Other services to adults with a physical disability or sensory impairment","7151.7367768951435","174.33100000000002","6977.4057768951425","5616.6920014170828","49","5567.6920014170828","12768.428778312227","223.33100000000002","12545.097778312225","306.57565","25","130.13299999999998","654.25700000000006","1115.9656499999999","11429.132128312227","11652.463128312225","11735.707778312226"
"D11","TOTAL ADULTS AGED UNDER 65 WITH A PHYSICAL DISABILITY ETC excl SP (LINES D1 to D10)","96366.77802287128","2124.0129999999999","94242.765022871288","150570.2948488823","265.04700000000003","150305.24784888228","246937.07287175351","2389.0599999999999","244548.01287175351","15058.086574918412","5134.6899999999996","6442.9700000000003","5382.5996785339321","32018.346253452353","212529.66661830115","214918.72661830121","227587.7531932196"
"D12","Supporting People (SP)","919.9931114856264","0.047","919.94611148562649","792.78535415959834","0","792.78535415959834","1712.7784656452247","0.047","1712.7314656452247","0","0","21","155","176","1536.7314656452247","1536.7784656452247","1536.7314656452247"
"D13","TOTAL ADULTS AGED UNDER 65 WITH A PHYSICAL DISABILITY ETC incl SP (LINES D11+ D12)","97286.77113435691","2124.0599999999999","95162.711134356898","151363.0802030419","265.04700000000003","151098.03320304188","248649.85133739875","2389.107","246260.74433739879","15058.086574918412","5134.6899999999996","6463.9700000000003","5537.5996785339321","32194.346253452353","214066.39808394643","216455.50508394645","229124.48465886482"
NA,NA,NA,NA,NA,NA,NA,NA,NA,NA,NA,NA,NA,NA,NA,NA,NA,NA,NA
"E:","ADULTS AGED UNDER 65 WITH LEARNING DISABILITIES",NA,NA,NA,NA,NA,NA,NA,NA,NA,NA,NA,NA,NA,NA,NA,NA,NA
NA,NA,NA,NA,NA,NA,NA,NA,NA,NA,NA,NA,NA,NA,NA,NA,NA,NA,NA
"E1","Assessment and care management","50031.58543409509","404.10700000000003","49627.478434095101","751.14062015319087","0.0030000000000000001","751.13762015319082","50782.726054248284","404.11000000000001","50378.616054248283","660.39889572302866","1075.038","6566.2330000000002","1510.7378192402871","9812.4077149633158","40566.208339284967","40970.318339284968","41226.607235007992"
"E2","Nursing care placements","0","0","0","32080.869096633043","0.10000000000000001","32080.769096633045","32080.869096633043","0.10000000000000001","32080.769096633045","2326.9719999999998","678","14277.316999999999","284.69999999999999","17566.989000000001","14513.780096633045","14513.880096633044","16840.752096633048"
"E3","Residential care placements","38297.449477699905","992.60199999999998","37304.847477699914","316164.03403212718","116.42","316047.6140321272","354461.48350982706","1109.0219999999999","353352.46150982712","29563.038849999997","12277.504999999999","74319.417000000001","3836.8208999999997","119996.78174999998","233355.67975982712","234464.70175982712","262918.7186098271"
"E4","Supported and other accommodation","11537.176367150318","92.581999999999979","11444.594367150319","30490.903131534596","1","30489.903131534596","42028.079498684907","93.581999999999979","41934.497498684905","1061.9771800000001","4729.902","6752.3960000000006","2394.4479999999999","14938.723179999999","26995.774318684915","27089.356318684913","28057.751498684913"
"E5","Direct payments","0","0","0","11744.496014720555","0.10000000000000001","11744.396014720554","11744.496014720555","0.10000000000000001","11744.396014720554","298.14974999999998","80","347.32900000000001","254.94499999999999","980.42374999999993","10763.972264720551","10764.072264720551","11062.122014720553"
"E6","Home care","14959.624739174045","16.164000000000001","14943.460739174046","43496.263395905524","8","43488.263395905524","58455.888135079571","24.164000000000001","58431.724135079574","2760.00119","1346","11232.280999999999","1493.0139999999999","16831.296189999997","41600.427945079566","41624.59194507957","44360.429135079561"
"E7","Day care","93812.892883249559","3354.7529999999997","90458.139883249562","26472.396002535868","120.499","26351.897002535865","120285.28888578544","3475.252","116810.03688578542","2105.2247500000003","2789.261","12985.309999999999","3018.6415400000001","20898.437290000002","95911.599595785432","99386.851595785425","98016.824345785426"
"E8","Equipment and adaptations","298.85565508489947","25.100000000000001","273.7556550848995","70.36311001635724","0","70.36311001635724","369.21876510125674","25.100000000000001","344.11876510125671","13","0","13","3","29","315.11876510125671","340.21876510125674","328.11876510125671"
"E9","Meals","157.2793877504777","1","156.2793877504777","76.493655179423428","0","76.493655179423428","233.77304292990112","1","232.77304292990112","119.8","0","0","0","119.8","112.97304292990111","113.97304292990111","232.77304292990112"
"E10","Other services to adults with learning disabilities","16008.953944551135","462.31","15546.643944551135","12859.522357097005","0","12859.522357097005","28868.476301648137","462.31","28406.16630164814","418.16899999999998","4253","6590.71","658.69900000000007","11920.578000000001","16485.588301648138","16947.89830164814","16903.75730164814"
"E11","TOTAL ADULTS AGED UNDER 65 WITH LEARNING DISABILITIES excl SP (LINES E1 to E10)","225103.81788875544","5348.6180000000004","219755.19988875545","474206.48141590267","246.12200000000001","473960.3594159027","699310.29930465808","5594.7399999999998","693715.55930465821","39326.731615723023","27228.705999999998","133083.99299999999","13455.006259240288","213094.43687496331","480621.12242969486","486215.86242969491","519947.85404541792"
"E12","Supporting People (SP)","11498.329943148789","63.195","11435.134943148789","10340.04007403359","0","10340.04007403359","21838.370017182377","63.195","21775.175017182381","1641.52439","1307.0699999999999","603","3777","7328.5943900000002","14446.58062718238","14509.77562718238","16088.105017182379"
"E13","TOTAL ADULTS AGED UNDER 65 WITH LEARNING DISABILITIES incl SP (LINES E11+E12)","236602.14783190421","5411.8130000000001","231190.33483190424","484546.52148993633","246.12200000000001","484300.3994899363","721148.66932184063","5657.9350000000004","715490.73432184057","40968.256005723022","28535.775999999998","133686.99299999999","17232.00625924029","220423.0312649633","495067.7030568773","500725.63805687719","536035.95906260028"
NA,NA,NA,NA,NA,NA,NA,NA,NA,NA,NA,NA,NA,NA,NA,NA,NA,NA,NA
"F:","ADULTS AGED UNDER 65 WITH  MENTAL HEALTH NEEDS",NA,NA,NA,NA,NA,NA,NA,NA,NA,NA,NA,NA,NA,NA,NA,NA,NA
NA,NA,NA,NA,NA,NA,NA,NA,NA,NA,NA,NA,NA,NA,NA,NA,NA,NA,NA
"F1","Assessment and care management","57588.20949273181","684.61700000000008","56903.592492731812","5141.8031323712694","0.017000000000000001","5141.7861323712696","62730.012625103082","684.63400000000001","62045.378625103076","244.28577418411663","684.16499999999996","4510.71","1445.0859896421091","6884.246763826226","55161.131861276852","55845.765861276857","55405.417635460966"
"F2","Nursing care placements","0","0","0","12847.715963240171","1.1000000000000001","12846.61596324017","12847.715963240171","1.1000000000000001","12846.61596324017","1708.3003199999998","43.847999999999999","2438.9579999999996","172.96453","4364.0708500000001","8482.545113240174","8483.6451132401726","10190.845433240172"
"F3","Residential care placements","3419.4652538523405","176.80000000000001","3242.6652538523404","55071.2619021094","12","55059.2619021094","58490.727155961744","188.80000000000001","58301.927155961741","6867.0655900000011","416","2952.5129999999999","523.20500000000004","10758.783589999999","47543.143565961742","47731.943565961745","54410.20915596174"
"F4","Supported and other accommodation","4820.5674140014235","79.423000000000002","4741.1444140014237","3211.7143896211792","9.173","3202.541389621179","8032.2818036226045","88.596000000000004","7943.685803622604","432.98900000000003","2373","626.30499999999995","579.99400000000003","4012.288","3931.3978036226031","4019.9938036226026","4364.3868036226013"
"F5","Direct payments","0","0","0","1516.5077628110605","0.10000000000000001","1516.4077628110606","1516.5077628110605","0.10000000000000001","1516.4077628110606","47.432000000000002","4","2","46.686999999999998","100.119","1416.2887628110605","1416.3887628110606","1463.7207628110607"
"F6","Home care","4488.5035965590014","8.0999999999999996","4480.403596559001","6122.003089662554","1","6121.003089662554","10610.506686221557","9.0999999999999996","10601.406686221557","621.63768000000005","28","821.88699999999994","23","1494.52468","9106.8820062215564","9115.9820062215567","9728.519686221558"
"F7","Day care","8420.4546451833739","474.36200000000002","7946.0926451833748","5174.6317750154831","25","5149.6317750154831","13595.086420198857","499.36200000000002","13095.724420198858","103.61499999999999","230","560.86599999999999","430.38200000000001","1324.8629999999998","11770.861420198858","12270.223420198858","11874.476420198858"
"F8","Equipment and adaptations","229.11484319106688","20.100000000000001","209.01484319106686","52.030997387360777","0","52.030997387360777","281.14584057842762","20.100000000000001","261.04584057842766","2","0","14","8","24","237.04584057842766","257.14584057842762","239.04584057842766"
"F9","Meals","103.74799664772191","1","102.74799664772191","46.916139536492572","0","46.916139536492572","150.66413618421447","1","149.66413618421447","68.400000000000006","0","0","0","68.400000000000006","81.264136184214479","82.264136184214479","149.66413618421447"
"F10","Other services to adults with mental health needs","14663.457325633633","358.05200000000002","14305.405325633634","6788.9448484609202","0","6788.9448484609202","21452.402174094557","358.05200000000002","21094.350174094554","327.55380000000002","311.69999999999999","2232.259","1212.78","4084.2928000000002","17010.057374094551","17368.109374094554","17337.611174094553"
"F11","TOTAL ADULTS AGED UNDER 65 WITH MENTAL HEALTH NEEDS excl SP (LINES F1 to F10)","93733.520567800355","1802.454","91931.066567800357","95973.530000215891","48.390000000000001","95925.140000215906","189707.0505680163","1850.8440000000001","187856.20656801629","10423.279164184118","4090.7129999999997","14159.498","4442.0985196421097","33115.588683826223","154740.61788419005","156591.46188419007","165163.89704837417"
"F12","Supporting People (SP)","2012.4051000666861","0","2012.4051000666861","2895.6764029068972","0","2895.6764029068972","4908.0815029735841","0","4908.0815029735841","402.39300000000003","0","6","590","998.39300000000003","3909.688502973584","3909.688502973584","4312.0815029735841"
"F13","TOTAL ADULTS AGED UNDER 65 WITH MENTAL HEALTH NEEDS incl SP (LINES F11+F12)","95745.92566786705","1802.454","93943.471667867037","98869.206403122807","48.390000000000001","98820.816403122808","194615.13207098987","1850.8440000000001","192764.28807098989","10825.672164184118","4090.7129999999997","14165.498","5032.0985196421097","34113.981683826227","158650.30638716364","160501.15038716368","169475.97855134777"
NA,NA,NA,NA,NA,NA,NA,NA,NA,NA,NA,NA,NA,NA,NA,NA,NA,NA,NA
"G:","ASYLUM SEEKERS",NA,NA,NA,NA,NA,NA,NA,NA,NA,NA,NA,NA,NA,NA,NA,NA,NA
NA,NA,NA,NA,NA,NA,NA,NA,NA,NA,NA,NA,NA,NA,NA,NA,NA,NA,NA
"G1","Assessment and care management","1990.8199950487085","113.43899999999999","1877.3809950487084","4","0","4","1994.8199950487085","113.43899999999999","1881.3809950487084","0","1.3460000000000001","0","702.69399999999996","704.03999999999996","1177.3409950487085","1290.7799950487083","1177.3409950487085"
"G2","Unaccompanied children","5740.93455340316","0","5740.93455340316","1365.8009999999999","0","1365.8009999999999","7106.7355534031612","0","7106.7355534031612","3","117.654","0","488.71600000000001","609.37","6497.3655534031604","6497.3655534031604","6500.3655534031604"
"G3","Families","3219.841167726333","2","3217.841167726333","81.378","0","81.378","3301.2191677263331","2","3299.2191677263331","1","0","567","1471.8910000000001","2039.8910000000001","1259.3281677263328","1261.3281677263328","1260.3281677263328"
"G4","Lone adults","1226.4044061898592","2","1224.4044061898592","392.7758764363407","0","392.7758764363407","1619.1802826261994","2","1617.1802826261994","0","0","0","1033.991","1033.991","583.18928262619966","585.18928262619966","583.18928262619966"
"G5","TOTAL ASYLUM SEEKERS (LINES G1 to G4)","12178.000122368059","117.43899999999999","12060.561122368059","1843.9548764363406","0","1843.9548764363406","14021.9549988044","117.43899999999999","13904.5159988044","4","119","567","3697.2920000000004","4387.2920000000004","9517.2239988044003","9634.6629988044024","9521.2239988044003"
NA,NA,NA,NA,NA,NA,NA,NA,NA,NA,NA,NA,NA,NA,NA,NA,NA,NA,NA
"H:","OTHER ADULT SERVICES",NA,NA,NA,NA,NA,NA,NA,NA,NA,NA,NA,NA,NA,NA,NA,NA,NA
NA,NA,NA,NA,NA,NA,NA,NA,NA,NA,NA,NA,NA,NA,NA,NA,NA,NA,NA
"H1","Assessment and care management","4428.2822797501813","1.952","4426.3302797501819","255.29775832446848","0","255.29775832446848","4683.5800380746496","1.952","4681.6280380746502","732.01099999999997","71","46.490000000000002","173.03999999999999","1022.5410000000001","3659.0870380746492","3661.0390380746489","4391.0980380746496"
"H2","HIV/AIDS","1407.2816794813004","2","1405.2816794813004","1790.3078584642431","0","1790.3078584642431","3197.5895379455437","2","3195.5895379455437","31.492701395760793","0","79","51.878475137182633","162.37117653294342","3033.2183614126002","3035.2183614126002","3064.711062808361"
"H3","Substance abuse (addictions)","11210.209957604668","26.225000000000001","11183.984957604667","13293.540709245815","0","13293.540709245815","24503.750666850483","26.225000000000001","24477.525666850488","264.87700000000001","5545.1889999999994","4020.6909999999998","1016.9019999999999","10847.659000000001","13629.866666850485","13656.091666850483","13894.743666850483"
"H4","Other other adult services","30331.009043214519","119.56200000000001","30211.447043214517","10475.393803877938","0","10475.393803877938","40806.40284709246","119.56200000000001","40686.840847092455","558.10000000000002","583.44600000000003","4296","7590.232","13027.778","27659.062847092453","27778.624847092451","28217.162847092452"
"H5","TOTAL OTHER ADULT SERVICES excluding Supporting People (LINES H1 to H4)","47376.782960050667","149.739","47227.043960050665","25814.540129912468","0","25814.540129912468","73191.323089963131","149.739","73041.584089963144","1586.4807013957607","6199.6349999999993","8442.1810000000005","8832.0524751371831","25060.349176532942","47981.234913430191","48130.973913430193","49567.715614825946"
"H6","Supporting People","4","0","4","2906.1541987891023","0","2906.1541987891023","2910.1541987891023","0","2910.1541987891023","0","0","0","0","0","2910.1541987891023","2910.1541987891023","2910.1541987891023"
"H7","TOTAL OTHER ADULT SERVICES including Supporting People (LINES H5+H6)","47380.782960050667","149.739","47231.043960050665","28720.694328701567","0","28720.694328701567","76101.477288752241","149.739","75951.73828875224","1586.4807013957607","6199.6349999999993","8442.1810000000005","8832.0524751371831","25060.349176532942","50891.389112219287","51041.128112219289","52477.869813615049"
NA,NA,NA,NA,NA,NA,NA,NA,NA,NA,NA,NA,NA,NA,NA,NA,NA,NA,NA
"I:","TOTAL PERSONAL SOCIAL SERVICES",NA,NA,NA,NA,NA,NA,NA,NA,NA,NA,NA,NA,NA,NA,NA,NA,NA
NA,NA,NA,NA,NA,NA,NA,NA,NA,NA,NA,NA,NA,NA,NA,NA,NA,NA,NA
"I1","TOTAL PSS excluding Supporting People (LINES A3+B1+C11+D11+E11+F11+G5+H5)","1741882.3412031617","25955.159569999996","1715927.1816331616","1912852.2778085612","1151.433","1911700.8448085615","3654734.619011723","27106.592569999997","3627628.0264417231","369065.30960771668","55961.090079999994","201524.39199999999","74055.926792406724","700606.71848012344","2927021.3079615994","2954127.9005315998","3296086.6175693157"
"I2","TOTAL Supporting People (LINES B2+C12+D12+E12+F12+H6)","18150.025268378944","73.414000000000001","18076.611268378943","20512.784713799243","0","20512.784713799243","38662.809982178202","73.414000000000001","38589.395982178197","2045.69139","1307.0699999999999","630","5021","9003.7613899999997","29585.634592178194","29659.048592178195","31631.325982178194"
"I3","TOTAL PSS including Supporting People (LINES A3+B1+C13+D13+E13+F13+G5+H7)","1760032.3664715404","26028.573569999997","1734003.7929015404","1933365.0625223606","1151.433","1932213.6295223609","3693397.4289939012","27180.006569999998","3666217.4224239015","371111.00099771674","57268.160080000001","202154.39199999999","79076.926792406724","709610.47987012344","2956606.9425537777","2983786.9491237779","3327717.9435514938"
NA,NA,NA,NA,NA,NA,NA,NA,NA,NA,NA,NA,NA,NA,NA,NA,NA,NA,NA
"J1","SUPPORTED EMPLOYMENT",NA,NA,NA,NA,NA,NA,NA,NA,NA,NA,NA,NA,NA,NA,NA,"15856.028",NA
NA,NA,NA,NA,NA,NA,NA,NA,NA,NA,NA,NA,NA,NA,NA,NA,NA,NA,NA
"K1","OTHER NON-PSS EXPENDITURE BY SOCIAL SERVICES DEPARTMENT",NA,NA,NA,NA,NA,NA,NA,NA,NA,NA,NA,NA,NA,NA,NA,"49048.34399999999",NA
NA,NA,NA,NA,NA,NA,NA,NA,NA,NA,NA,NA,NA,NA,NA,NA,NA,NA,NA
"L1","SPECIFIC GOVERNMENT GRANTS (Inside and outside Aggregated External Finance)",NA,NA,NA,NA,NA,NA,NA,NA,NA,NA,NA,NA,NA,NA,NA,"369197.95700000005",NA
NA,NA,NA,NA,NA,NA,NA,NA,NA,NA,NA,NA,NA,NA,NA,NA,NA,NA,NA
"M1","ACTUAL TOTAL NET COST (LINES I3+J1+K1-L1)",NA,NA,NA,NA,NA,NA,NA,NA,NA,NA,NA,NA,NA,NA,NA,"2679493.364123778",NA
NA,"(This should match total social services expenditure in the local authority's accounts)",NA,NA,NA,NA,NA,NA,NA,NA,NA,NA,NA,NA,NA,NA,NA,NA,NA
NA,NA,NA,NA,NA,NA,NA,NA,NA,NA,NA,NA,NA,NA,NA,NA,NA,NA,NA
"Memorandum","ACTUAL TOTAL NET COST on a pre FRS17 basis",NA,NA,NA,NA,NA,NA,NA,NA,NA,NA,NA,NA,NA,NA,NA,"2272785.5430000005",NA
